view_id,book_id,student_id,career,viewed_at
1,103,59,Robotics,2025-05-13 14:46:00
2,71,25,Robotics,2025-05-22 12:23:00
3,56,40,Biotechnology,2025-05-03 21:05:00
4,82,24,Embedded Systems,2025-05-26 10:35:00
5,75,16,Robotics,2025-05-22 09:26:00
6,112,91,Biotechnology,2025-05-14 21:58:00
7,65,185,Robotics,2025-05-20 12:22:00
8,46,27,Embedded Systems,2025-05-05 18:30:00
9,43,58,Data Engineering,2025-05-18 13:07:00
10,49,196,Robotics,2025-05-26 14:54:00
11,94,144,Data Engineering,2025-05-20 18:41:00
12,52,143,Biotechnology,2025-05-01 10:17:00
13,111,180,Data Engineering,2025-05-12 08:11:00
14,69,37,Data Engineering,2025-05-03 10:47:00
15,11,163,Embedded Systems,2025-05-17 11:24:00
16,36,108,Embedded Systems,2025-05-12 12:46:00
17,68,84,Data Engineering,2025-05-03 08:09:00
18,7,41,Biotechnology,2025-05-03 12:28:00
19,98,170,Robotics,2025-05-14 12:13:00
20,78,194,Robotics,2025-05-14 09:18:00
21,58,174,Robotics,2025-05-22 12:02:00
22,14,57,Robotics,2025-05-01 11:19:00
23,90,55,Biotechnology,2025-05-10 13:07:00
24,94,2,Robotics,2025-05-06 10:24:00
25,59,137,Data Engineering,2025-05-27 18:51:00
26,7,91,Biotechnology,2025-05-14 08:29:00
27,68,20,Biotechnology,2025-05-19 14:45:00
28,26,164,Embedded Systems,2025-05-13 08:20:00
29,74,44,Biotechnology,2025-05-27 19:58:00
30,25,93,Embedded Systems,2025-05-08 14:37:00
31,68,103,Data Engineering,2025-05-28 12:47:00
32,33,87,Data Engineering,2025-05-03 16:40:00
33,40,30,Embedded Systems,2025-05-25 13:22:00
34,77,187,Embedded Systems,2025-05-05 11:06:00
35,38,38,Embedded Systems,2025-05-20 10:48:00
36,25,195,Embedded Systems,2025-05-25 18:31:00
37,89,119,Robotics,2025-05-15 18:59:00
38,74,145,Robotics,2025-05-28 18:20:00
39,80,39,Data Engineering,2025-05-15 18:19:00
40,80,71,Robotics,2025-05-17 09:19:00
41,14,119,Robotics,2025-05-12 21:18:00
42,15,20,Biotechnology,2025-05-20 17:32:00
43,106,99,Biotechnology,2025-05-26 19:57:00
44,97,11,Data Engineering,2025-05-21 11:20:00
45,35,155,Robotics,2025-05-02 15:06:00
46,10,88,Data Engineering,2025-05-21 10:02:00
47,119,64,Robotics,2025-05-17 16:39:00
48,54,41,Biotechnology,2025-05-13 14:49:00
49,7,87,Data Engineering,2025-05-21 18:21:00
50,85,17,Robotics,2025-05-10 12:46:00
51,71,169,Biotechnology,2025-05-05 13:05:00
52,110,150,Biotechnology,2025-05-10 18:44:00
53,21,170,Robotics,2025-05-10 16:24:00
54,94,165,Robotics,2025-05-22 19:53:00
55,109,190,Data Engineering,2025-05-03 18:42:00
56,4,109,Data Engineering,2025-05-12 12:11:00
57,95,55,Biotechnology,2025-05-07 11:08:00
58,16,40,Biotechnology,2025-05-17 20:34:00
59,6,190,Data Engineering,2025-05-11 20:39:00
60,35,34,Robotics,2025-05-06 10:53:00
61,94,178,Robotics,2025-05-06 19:28:00
62,117,12,Data Engineering,2025-05-24 11:28:00
63,77,157,Data Engineering,2025-05-08 16:15:00
64,92,80,Data Engineering,2025-05-27 11:23:00
65,119,174,Robotics,2025-05-15 20:18:00
66,92,200,Embedded Systems,2025-05-06 21:12:00
67,57,155,Robotics,2025-05-02 18:30:00
68,23,96,Data Engineering,2025-05-23 21:33:00
69,36,32,Biotechnology,2025-05-09 15:57:00
70,94,132,Embedded Systems,2025-05-03 11:52:00
71,111,116,Data Engineering,2025-05-14 08:25:00
72,85,129,Embedded Systems,2025-05-03 13:14:00
73,16,8,Biotechnology,2025-05-27 19:41:00
74,19,86,Robotics,2025-05-10 21:30:00
75,89,179,Biotechnology,2025-05-16 15:39:00
76,3,2,Robotics,2025-05-07 21:09:00
77,72,141,Robotics,2025-05-14 09:49:00
78,27,74,Robotics,2025-05-02 11:26:00
79,54,164,Embedded Systems,2025-05-04 21:57:00
80,4,128,Biotechnology,2025-05-21 16:36:00
81,38,62,Robotics,2025-05-01 17:22:00
82,39,62,Robotics,2025-05-22 18:05:00
83,8,135,Embedded Systems,2025-05-17 16:32:00
84,66,130,Data Engineering,2025-05-28 15:02:00
85,82,163,Embedded Systems,2025-05-09 19:01:00
86,43,92,Biotechnology,2025-05-24 18:40:00
87,87,27,Embedded Systems,2025-05-11 10:02:00
88,39,91,Biotechnology,2025-05-27 20:43:00
89,56,119,Robotics,2025-05-06 20:08:00
90,113,17,Robotics,2025-05-02 12:12:00
91,105,12,Data Engineering,2025-05-11 12:32:00
92,65,102,Data Engineering,2025-05-09 08:48:00
93,80,166,Embedded Systems,2025-05-28 20:03:00
94,27,168,Robotics,2025-05-26 13:27:00
95,106,103,Data Engineering,2025-05-13 13:11:00
96,45,128,Biotechnology,2025-05-26 16:17:00
97,9,22,Biotechnology,2025-05-20 21:11:00
98,25,140,Embedded Systems,2025-05-03 13:42:00
99,104,76,Data Engineering,2025-05-23 14:10:00
100,102,177,Embedded Systems,2025-05-02 19:55:00
101,84,91,Biotechnology,2025-05-09 18:50:00
102,80,15,Biotechnology,2025-05-12 16:51:00
103,115,192,Data Engineering,2025-05-05 21:38:00
104,5,174,Robotics,2025-05-03 11:49:00
105,85,166,Embedded Systems,2025-05-19 08:38:00
106,114,40,Biotechnology,2025-05-12 15:48:00
107,103,20,Biotechnology,2025-05-12 14:20:00
108,26,167,Embedded Systems,2025-05-01 19:11:00
109,109,128,Biotechnology,2025-05-04 12:49:00
110,30,67,Embedded Systems,2025-05-20 12:44:00
111,29,126,Data Engineering,2025-05-28 09:28:00
112,52,45,Biotechnology,2025-05-03 20:43:00
113,83,82,Embedded Systems,2025-05-18 16:18:00
114,83,77,Robotics,2025-05-23 18:11:00
115,27,93,Embedded Systems,2025-05-07 20:08:00
116,4,61,Data Engineering,2025-05-18 17:23:00
117,66,120,Data Engineering,2025-05-20 09:04:00
118,81,80,Data Engineering,2025-05-17 14:49:00
119,9,105,Robotics,2025-05-11 18:04:00
120,88,116,Data Engineering,2025-05-12 10:56:00
121,39,200,Embedded Systems,2025-05-25 10:27:00
122,7,129,Embedded Systems,2025-05-04 16:09:00
123,74,78,Embedded Systems,2025-05-23 11:22:00
124,98,133,Embedded Systems,2025-05-09 11:40:00
125,69,142,Embedded Systems,2025-05-20 16:05:00
126,35,129,Embedded Systems,2025-05-06 18:39:00
127,42,185,Robotics,2025-05-19 08:52:00
128,111,8,Biotechnology,2025-05-09 18:13:00
129,5,197,Biotechnology,2025-05-16 18:34:00
130,51,75,Data Engineering,2025-05-16 11:51:00
131,78,176,Data Engineering,2025-05-03 19:03:00
132,93,41,Biotechnology,2025-05-15 11:21:00
133,71,156,Embedded Systems,2025-05-24 21:22:00
134,63,103,Data Engineering,2025-05-17 16:06:00
135,27,82,Embedded Systems,2025-05-09 15:15:00
136,50,37,Data Engineering,2025-05-13 21:39:00
137,36,108,Embedded Systems,2025-05-27 13:59:00
138,28,148,Embedded Systems,2025-05-06 15:32:00
139,52,120,Data Engineering,2025-05-16 08:05:00
140,43,101,Data Engineering,2025-05-07 17:22:00
141,98,13,Biotechnology,2025-05-20 21:41:00
142,6,173,Embedded Systems,2025-05-28 09:27:00
143,85,35,Data Engineering,2025-05-25 14:23:00
144,96,12,Data Engineering,2025-05-18 11:23:00
145,85,142,Embedded Systems,2025-05-17 15:48:00
146,27,141,Robotics,2025-05-05 09:25:00
147,42,96,Data Engineering,2025-05-12 20:09:00
148,88,51,Robotics,2025-05-17 08:02:00
149,75,10,Robotics,2025-05-26 15:33:00
150,118,117,Robotics,2025-05-05 13:59:00
151,68,157,Data Engineering,2025-05-20 19:53:00
152,116,77,Robotics,2025-05-27 16:34:00
153,39,126,Data Engineering,2025-05-27 08:23:00
154,118,85,Data Engineering,2025-05-19 12:50:00
155,76,186,Embedded Systems,2025-05-20 15:16:00
156,91,168,Robotics,2025-05-19 11:46:00
157,33,14,Data Engineering,2025-05-17 18:46:00
158,46,159,Embedded Systems,2025-05-27 18:15:00
159,26,9,Embedded Systems,2025-05-07 08:28:00
160,90,81,Embedded Systems,2025-05-23 11:26:00
161,110,129,Embedded Systems,2025-05-28 21:47:00
162,29,187,Embedded Systems,2025-05-17 11:35:00
163,56,84,Data Engineering,2025-05-13 13:11:00
164,42,118,Embedded Systems,2025-05-12 18:49:00
165,93,185,Robotics,2025-05-09 17:30:00
166,37,50,Embedded Systems,2025-05-10 11:19:00
167,38,198,Data Engineering,2025-05-23 19:31:00
168,61,82,Embedded Systems,2025-05-10 09:36:00
169,87,174,Robotics,2025-05-27 13:49:00
170,65,38,Embedded Systems,2025-05-23 09:22:00
171,88,114,Robotics,2025-05-07 11:52:00
172,109,138,Biotechnology,2025-05-23 12:08:00
173,55,28,Robotics,2025-05-08 08:42:00
174,51,136,Robotics,2025-05-02 09:26:00
175,12,85,Data Engineering,2025-05-25 10:00:00
176,22,141,Robotics,2025-05-21 15:30:00
177,65,167,Embedded Systems,2025-05-11 12:41:00
178,11,16,Robotics,2025-05-19 11:34:00
179,112,190,Data Engineering,2025-05-06 14:56:00
180,5,46,Data Engineering,2025-05-27 14:50:00
181,59,127,Biotechnology,2025-05-02 08:19:00
182,67,146,Biotechnology,2025-05-10 15:41:00
183,29,140,Embedded Systems,2025-05-28 16:29:00
184,25,70,Biotechnology,2025-05-11 10:46:00
185,39,118,Embedded Systems,2025-05-01 19:21:00
186,36,76,Data Engineering,2025-05-06 17:54:00
187,96,164,Embedded Systems,2025-05-17 13:05:00
188,27,103,Data Engineering,2025-05-05 15:20:00
189,85,64,Robotics,2025-05-08 15:48:00
190,39,69,Data Engineering,2025-05-24 17:00:00
191,81,67,Embedded Systems,2025-05-02 18:07:00
192,69,120,Data Engineering,2025-05-22 16:59:00
193,81,181,Embedded Systems,2025-05-21 12:23:00
194,29,158,Robotics,2025-05-16 10:29:00
195,46,192,Data Engineering,2025-05-23 16:58:00
196,93,121,Embedded Systems,2025-05-27 11:48:00
197,70,64,Robotics,2025-05-26 09:33:00
198,61,115,Data Engineering,2025-05-03 17:07:00
199,107,16,Robotics,2025-05-07 17:34:00
200,88,39,Data Engineering,2025-05-15 09:43:00
201,58,53,Embedded Systems,2025-05-17 15:51:00
202,100,15,Biotechnology,2025-05-14 15:36:00
203,62,15,Biotechnology,2025-05-24 08:25:00
204,88,66,Data Engineering,2025-05-19 09:02:00
205,12,109,Data Engineering,2025-05-18 08:59:00
206,55,18,Robotics,2025-05-10 14:11:00
207,82,197,Biotechnology,2025-05-12 14:28:00
208,29,97,Robotics,2025-05-21 21:22:00
209,87,31,Robotics,2025-05-17 10:46:00
210,88,58,Data Engineering,2025-05-10 15:43:00
211,83,185,Robotics,2025-05-27 11:15:00
212,61,118,Embedded Systems,2025-05-07 19:48:00
213,92,29,Embedded Systems,2025-05-20 20:59:00
214,12,5,Data Engineering,2025-05-04 17:02:00
215,9,115,Data Engineering,2025-05-08 19:02:00
216,92,103,Data Engineering,2025-05-07 20:55:00
217,86,199,Data Engineering,2025-05-10 11:52:00
218,74,188,Embedded Systems,2025-05-08 12:56:00
219,61,37,Data Engineering,2025-05-14 12:17:00
220,38,16,Robotics,2025-05-21 18:27:00
221,70,143,Biotechnology,2025-05-21 18:24:00
222,92,135,Embedded Systems,2025-05-14 10:19:00
223,111,97,Robotics,2025-05-08 21:14:00
224,20,77,Robotics,2025-05-15 08:35:00
225,67,106,Biotechnology,2025-05-05 14:15:00
226,110,66,Data Engineering,2025-05-03 15:54:00
227,36,95,Data Engineering,2025-05-02 12:24:00
228,11,173,Embedded Systems,2025-05-28 09:12:00
229,46,195,Embedded Systems,2025-05-16 11:55:00
230,6,86,Robotics,2025-05-07 11:47:00
231,88,31,Robotics,2025-05-08 19:38:00
232,55,181,Embedded Systems,2025-05-18 13:49:00
233,80,73,Robotics,2025-05-10 12:23:00
234,55,132,Embedded Systems,2025-05-26 19:30:00
235,110,195,Embedded Systems,2025-05-12 13:26:00
236,40,12,Data Engineering,2025-05-24 10:01:00
237,92,67,Embedded Systems,2025-05-10 10:12:00
238,96,85,Data Engineering,2025-05-27 11:31:00
239,81,141,Robotics,2025-05-09 20:52:00
240,77,126,Data Engineering,2025-05-16 15:10:00
241,25,188,Embedded Systems,2025-05-24 16:31:00
242,65,48,Biotechnology,2025-05-21 08:33:00
243,9,9,Embedded Systems,2025-05-27 18:03:00
244,29,196,Robotics,2025-05-27 18:14:00
245,2,18,Robotics,2025-05-17 15:23:00
246,112,16,Robotics,2025-05-22 15:01:00
247,90,2,Robotics,2025-05-01 08:33:00
248,65,185,Robotics,2025-05-01 16:52:00
249,93,179,Biotechnology,2025-05-06 09:58:00
250,55,25,Robotics,2025-05-07 17:33:00
251,36,65,Embedded Systems,2025-05-13 09:23:00
252,56,104,Robotics,2025-05-23 11:19:00
253,9,176,Data Engineering,2025-05-28 18:48:00
254,83,9,Embedded Systems,2025-05-13 16:30:00
255,38,15,Biotechnology,2025-05-03 15:54:00
256,55,112,Data Engineering,2025-05-19 21:06:00
257,31,136,Robotics,2025-05-28 19:56:00
258,7,146,Biotechnology,2025-05-03 18:59:00
259,67,72,Embedded Systems,2025-05-02 10:59:00
260,42,81,Embedded Systems,2025-05-19 10:48:00
261,111,183,Data Engineering,2025-05-10 10:36:00
262,85,62,Robotics,2025-05-22 16:21:00
263,20,99,Biotechnology,2025-05-23 19:05:00
264,43,129,Embedded Systems,2025-05-04 14:14:00
265,120,20,Biotechnology,2025-05-20 14:49:00
266,47,84,Data Engineering,2025-05-26 15:31:00
267,83,59,Robotics,2025-05-14 10:43:00
268,10,150,Biotechnology,2025-05-20 12:51:00
269,9,64,Robotics,2025-05-05 14:45:00
270,85,163,Embedded Systems,2025-05-11 13:06:00
271,70,24,Embedded Systems,2025-05-15 13:48:00
272,15,70,Biotechnology,2025-05-06 14:28:00
273,81,143,Biotechnology,2025-05-04 08:05:00
274,118,91,Biotechnology,2025-05-20 20:20:00
275,81,99,Biotechnology,2025-05-13 20:05:00
276,108,186,Embedded Systems,2025-05-08 17:33:00
277,25,44,Biotechnology,2025-05-09 12:17:00
278,38,127,Biotechnology,2025-05-14 12:26:00
279,20,77,Robotics,2025-05-12 12:15:00
280,41,185,Robotics,2025-05-15 09:08:00
281,87,78,Embedded Systems,2025-05-11 21:39:00
282,41,98,Biotechnology,2025-05-11 14:52:00
283,19,167,Embedded Systems,2025-05-11 17:44:00
284,38,52,Embedded Systems,2025-05-13 13:18:00
285,59,189,Biotechnology,2025-05-19 20:15:00
286,68,84,Data Engineering,2025-05-12 09:59:00
287,39,145,Robotics,2025-05-22 20:35:00
288,54,7,Embedded Systems,2025-05-23 11:28:00
289,9,75,Data Engineering,2025-05-28 20:50:00
290,20,105,Robotics,2025-05-10 11:16:00
291,83,169,Biotechnology,2025-05-26 14:04:00
292,56,115,Data Engineering,2025-05-13 16:32:00
293,9,178,Robotics,2025-05-26 13:44:00
294,13,138,Biotechnology,2025-05-04 20:15:00
295,24,169,Biotechnology,2025-05-20 08:36:00
296,49,166,Embedded Systems,2025-05-25 13:50:00
297,24,111,Embedded Systems,2025-05-09 11:32:00
298,98,192,Data Engineering,2025-05-23 17:14:00
299,79,115,Data Engineering,2025-05-25 18:37:00
300,78,177,Embedded Systems,2025-05-01 15:06:00
301,18,76,Data Engineering,2025-05-04 21:46:00
302,56,37,Data Engineering,2025-05-15 20:13:00
303,111,134,Robotics,2025-05-04 15:46:00
304,10,179,Biotechnology,2025-05-10 08:51:00
305,77,182,Robotics,2025-05-21 09:43:00
306,87,43,Robotics,2025-05-17 10:35:00
307,83,41,Biotechnology,2025-05-15 11:51:00
308,39,104,Robotics,2025-05-21 18:27:00
309,105,102,Data Engineering,2025-05-07 15:37:00
310,44,110,Biotechnology,2025-05-07 12:48:00
311,8,181,Embedded Systems,2025-05-04 20:55:00
312,65,138,Biotechnology,2025-05-07 15:07:00
313,58,68,Embedded Systems,2025-05-21 13:38:00
314,26,100,Embedded Systems,2025-05-12 13:54:00
315,69,118,Embedded Systems,2025-05-20 17:05:00
316,27,173,Embedded Systems,2025-05-08 12:07:00
317,30,47,Data Engineering,2025-05-17 14:26:00
318,85,153,Robotics,2025-05-14 10:31:00
319,38,163,Embedded Systems,2025-05-18 10:31:00
320,71,74,Robotics,2025-05-27 15:39:00
321,114,14,Data Engineering,2025-05-16 10:12:00
322,60,99,Biotechnology,2025-05-16 14:43:00
323,76,126,Data Engineering,2025-05-16 10:05:00
324,49,145,Robotics,2025-05-10 08:17:00
325,33,58,Data Engineering,2025-05-25 15:36:00
326,59,191,Robotics,2025-05-17 09:36:00
327,81,30,Embedded Systems,2025-05-18 21:48:00
328,52,11,Data Engineering,2025-05-07 14:06:00
329,88,189,Biotechnology,2025-05-10 21:02:00
330,19,116,Data Engineering,2025-05-15 21:07:00
331,29,199,Data Engineering,2025-05-24 17:44:00
332,73,90,Data Engineering,2025-05-14 10:39:00
333,94,36,Robotics,2025-05-26 08:36:00
334,103,90,Data Engineering,2025-05-18 10:20:00
335,59,181,Embedded Systems,2025-05-28 16:57:00
336,19,174,Robotics,2025-05-25 20:26:00
337,103,16,Robotics,2025-05-05 19:55:00
338,74,34,Robotics,2025-05-27 11:48:00
339,31,174,Robotics,2025-05-19 18:17:00
340,102,161,Robotics,2025-05-03 18:50:00
341,100,197,Biotechnology,2025-05-24 12:44:00
342,82,95,Data Engineering,2025-05-11 17:00:00
343,12,199,Data Engineering,2025-05-15 18:42:00
344,10,179,Biotechnology,2025-05-26 16:25:00
345,96,56,Embedded Systems,2025-05-16 12:20:00
346,28,73,Robotics,2025-05-19 21:31:00
347,90,88,Data Engineering,2025-05-02 09:40:00
348,36,118,Embedded Systems,2025-05-15 15:00:00
349,29,110,Biotechnology,2025-05-21 12:10:00
350,81,71,Robotics,2025-05-09 09:23:00
351,24,171,Robotics,2025-05-13 18:19:00
352,32,186,Embedded Systems,2025-05-21 09:45:00
353,112,25,Robotics,2025-05-03 10:37:00
354,76,58,Data Engineering,2025-05-01 08:44:00
355,119,88,Data Engineering,2025-05-14 19:08:00
356,66,123,Data Engineering,2025-05-03 19:51:00
357,82,27,Embedded Systems,2025-05-10 10:24:00
358,103,199,Data Engineering,2025-05-21 18:09:00
359,6,18,Robotics,2025-05-20 18:10:00
360,39,113,Data Engineering,2025-05-21 19:09:00
361,88,106,Biotechnology,2025-05-28 11:05:00
362,27,26,Robotics,2025-05-19 19:24:00
363,40,90,Data Engineering,2025-05-05 11:17:00
364,65,166,Embedded Systems,2025-05-25 19:01:00
365,29,169,Biotechnology,2025-05-20 16:12:00
366,110,192,Data Engineering,2025-05-02 20:57:00
367,26,62,Robotics,2025-05-08 15:40:00
368,6,153,Robotics,2025-05-12 13:08:00
369,68,100,Embedded Systems,2025-05-12 16:43:00
370,115,45,Biotechnology,2025-05-25 09:01:00
371,51,151,Biotechnology,2025-05-07 08:59:00
372,48,16,Robotics,2025-05-10 18:45:00
373,50,129,Embedded Systems,2025-05-13 09:40:00
374,35,138,Biotechnology,2025-05-09 09:19:00
375,43,21,Biotechnology,2025-05-26 10:34:00
376,108,84,Data Engineering,2025-05-25 21:41:00
377,52,175,Data Engineering,2025-05-23 14:46:00
378,22,62,Robotics,2025-05-14 09:29:00
379,52,157,Data Engineering,2025-05-22 19:42:00
380,2,190,Data Engineering,2025-05-23 10:44:00
381,59,3,Data Engineering,2025-05-17 16:50:00
382,82,185,Robotics,2025-05-05 19:49:00
383,15,69,Data Engineering,2025-05-01 13:51:00
384,10,110,Biotechnology,2025-05-09 19:36:00
385,103,161,Robotics,2025-05-17 13:03:00
386,24,128,Biotechnology,2025-05-06 12:49:00
387,80,27,Embedded Systems,2025-05-04 11:47:00
388,3,131,Biotechnology,2025-05-08 08:30:00
389,35,94,Biotechnology,2025-05-06 21:02:00
390,83,142,Embedded Systems,2025-05-21 14:14:00
391,64,83,Biotechnology,2025-05-09 21:04:00
392,116,147,Embedded Systems,2025-05-22 08:11:00
393,119,58,Data Engineering,2025-05-13 09:56:00
394,90,120,Data Engineering,2025-05-10 13:05:00
395,82,142,Embedded Systems,2025-05-07 12:36:00
396,33,78,Embedded Systems,2025-05-12 17:31:00
397,86,198,Data Engineering,2025-05-18 20:50:00
398,90,63,Embedded Systems,2025-05-01 11:34:00
399,119,89,Data Engineering,2025-05-01 13:00:00
400,99,195,Embedded Systems,2025-05-24 12:06:00
401,55,53,Embedded Systems,2025-05-14 15:03:00
402,12,37,Data Engineering,2025-05-08 21:33:00
403,45,106,Biotechnology,2025-05-24 09:37:00
404,87,25,Robotics,2025-05-03 17:36:00
405,28,16,Robotics,2025-05-08 12:16:00
406,48,81,Embedded Systems,2025-05-27 19:20:00
407,51,82,Embedded Systems,2025-05-03 11:08:00
408,14,200,Embedded Systems,2025-05-04 10:28:00
409,26,120,Data Engineering,2025-05-18 13:49:00
410,104,54,Robotics,2025-05-09 21:07:00
411,69,24,Embedded Systems,2025-05-27 19:44:00
412,74,155,Robotics,2025-05-05 09:45:00
413,48,64,Robotics,2025-05-02 18:19:00
414,25,67,Embedded Systems,2025-05-13 21:28:00
415,34,143,Biotechnology,2025-05-15 09:51:00
416,14,36,Robotics,2025-05-27 20:14:00
417,88,34,Robotics,2025-05-12 18:40:00
418,58,166,Embedded Systems,2025-05-27 09:01:00
419,98,17,Robotics,2025-05-26 10:05:00
420,79,85,Data Engineering,2025-05-02 10:59:00
421,87,147,Embedded Systems,2025-05-16 08:24:00
422,60,175,Data Engineering,2025-05-07 10:17:00
423,35,72,Embedded Systems,2025-05-02 17:39:00
424,67,158,Robotics,2025-05-16 14:56:00
425,22,141,Robotics,2025-05-09 14:08:00
426,56,108,Embedded Systems,2025-05-21 20:34:00
427,92,5,Data Engineering,2025-05-12 15:34:00
428,110,125,Biotechnology,2025-05-17 13:24:00
429,64,70,Biotechnology,2025-05-20 11:01:00
430,111,200,Embedded Systems,2025-05-17 13:49:00
431,118,150,Biotechnology,2025-05-04 11:42:00
432,14,62,Robotics,2025-05-25 11:36:00
433,38,100,Embedded Systems,2025-05-06 11:37:00
434,81,82,Embedded Systems,2025-05-19 08:45:00
435,96,180,Data Engineering,2025-05-19 10:36:00
436,94,49,Robotics,2025-05-16 16:19:00
437,15,45,Biotechnology,2025-05-02 11:38:00
438,112,57,Robotics,2025-05-01 13:58:00
439,28,158,Robotics,2025-05-11 19:11:00
440,34,83,Biotechnology,2025-05-19 19:58:00
441,98,37,Data Engineering,2025-05-28 13:04:00
442,78,96,Data Engineering,2025-05-19 09:21:00
443,36,78,Embedded Systems,2025-05-24 14:50:00
444,77,164,Embedded Systems,2025-05-06 19:35:00
445,73,178,Robotics,2025-05-12 11:42:00
446,46,151,Biotechnology,2025-05-24 19:18:00
447,2,33,Embedded Systems,2025-05-23 17:25:00
448,5,198,Data Engineering,2025-05-20 13:58:00
449,96,157,Data Engineering,2025-05-04 15:09:00
450,33,85,Data Engineering,2025-05-11 10:40:00
451,79,23,Robotics,2025-05-24 13:28:00
452,44,3,Data Engineering,2025-05-23 09:22:00
453,84,66,Data Engineering,2025-05-02 14:28:00
454,37,188,Embedded Systems,2025-05-14 15:56:00
455,83,97,Robotics,2025-05-04 21:30:00
456,81,148,Embedded Systems,2025-05-06 15:04:00
457,71,9,Embedded Systems,2025-05-09 09:04:00
458,65,88,Data Engineering,2025-05-06 19:04:00
459,118,141,Robotics,2025-05-11 17:39:00
460,51,124,Robotics,2025-05-21 10:38:00
461,20,112,Data Engineering,2025-05-11 11:12:00
462,84,105,Robotics,2025-05-24 16:16:00
463,55,170,Robotics,2025-05-04 08:25:00
464,113,147,Embedded Systems,2025-05-05 08:23:00
465,50,1,Data Engineering,2025-05-27 18:40:00
466,20,154,Data Engineering,2025-05-01 11:10:00
467,21,164,Embedded Systems,2025-05-16 21:07:00
468,55,79,Data Engineering,2025-05-22 12:05:00
469,39,165,Robotics,2025-05-12 14:23:00
470,51,48,Biotechnology,2025-05-15 15:16:00
471,68,58,Data Engineering,2025-05-05 20:44:00
472,78,171,Robotics,2025-05-26 16:26:00
473,14,194,Robotics,2025-05-27 14:52:00
474,111,134,Robotics,2025-05-19 11:30:00
475,9,77,Robotics,2025-05-17 17:57:00
476,80,133,Embedded Systems,2025-05-20 10:07:00
477,37,194,Robotics,2025-05-07 20:12:00
478,21,33,Embedded Systems,2025-05-22 14:12:00
479,58,161,Robotics,2025-05-11 19:58:00
480,87,18,Robotics,2025-05-18 13:54:00
481,6,71,Robotics,2025-05-26 19:39:00
482,82,151,Biotechnology,2025-05-04 14:09:00
483,24,38,Embedded Systems,2025-05-04 17:49:00
484,103,26,Robotics,2025-05-12 14:16:00
485,68,99,Biotechnology,2025-05-16 08:11:00
486,88,71,Robotics,2025-05-02 14:56:00
487,7,85,Data Engineering,2025-05-16 12:57:00
488,51,96,Data Engineering,2025-05-10 12:53:00
489,81,126,Data Engineering,2025-05-28 11:08:00
490,52,77,Robotics,2025-05-27 13:17:00
491,22,187,Embedded Systems,2025-05-07 15:13:00
492,89,105,Robotics,2025-05-28 13:52:00
493,36,15,Biotechnology,2025-05-03 12:45:00
494,89,130,Data Engineering,2025-05-19 08:11:00
495,29,50,Embedded Systems,2025-05-02 11:02:00
496,81,117,Robotics,2025-05-23 11:17:00
497,60,95,Data Engineering,2025-05-21 09:43:00
498,95,8,Biotechnology,2025-05-20 15:11:00
499,78,122,Robotics,2025-05-12 10:53:00
500,81,67,Embedded Systems,2025-05-10 08:24:00
501,111,13,Biotechnology,2025-05-25 11:54:00
502,42,57,Robotics,2025-05-09 18:26:00
503,6,132,Embedded Systems,2025-05-16 10:41:00
504,3,45,Biotechnology,2025-05-08 12:38:00
505,83,79,Data Engineering,2025-05-09 14:57:00
506,54,97,Robotics,2025-05-07 15:19:00
507,87,174,Robotics,2025-05-19 09:00:00
508,117,131,Biotechnology,2025-05-27 13:35:00
509,65,166,Embedded Systems,2025-05-10 18:06:00
510,61,124,Robotics,2025-05-21 13:55:00
511,69,71,Robotics,2025-05-07 10:33:00
512,14,196,Robotics,2025-05-26 21:51:00
513,53,154,Data Engineering,2025-05-22 10:46:00
514,120,7,Embedded Systems,2025-05-09 14:25:00
515,70,100,Embedded Systems,2025-05-19 21:12:00
516,31,88,Data Engineering,2025-05-18 18:50:00
517,80,122,Robotics,2025-05-17 12:54:00
518,103,44,Biotechnology,2025-05-06 12:06:00
519,58,121,Embedded Systems,2025-05-24 20:35:00
520,113,196,Robotics,2025-05-11 18:05:00
521,70,57,Robotics,2025-05-14 20:56:00
522,98,85,Data Engineering,2025-05-10 15:54:00
523,20,31,Robotics,2025-05-16 11:32:00
524,46,31,Robotics,2025-05-10 14:03:00
525,37,39,Data Engineering,2025-05-11 14:36:00
526,39,118,Embedded Systems,2025-05-25 09:31:00
527,38,86,Robotics,2025-05-11 18:03:00
528,42,2,Robotics,2025-05-25 20:10:00
529,58,148,Embedded Systems,2025-05-25 20:05:00
530,93,34,Robotics,2025-05-13 14:30:00
531,104,99,Biotechnology,2025-05-07 19:23:00
532,89,4,Embedded Systems,2025-05-17 11:01:00
533,56,174,Robotics,2025-05-08 19:56:00
534,23,89,Data Engineering,2025-05-13 16:37:00
535,8,79,Data Engineering,2025-05-10 12:29:00
536,77,187,Embedded Systems,2025-05-14 18:08:00
537,59,88,Data Engineering,2025-05-25 11:10:00
538,49,104,Robotics,2025-05-24 10:13:00
539,116,188,Embedded Systems,2025-05-06 09:23:00
540,6,183,Data Engineering,2025-05-21 12:49:00
541,103,137,Data Engineering,2025-05-02 18:06:00
542,7,168,Robotics,2025-05-04 14:28:00
543,50,98,Biotechnology,2025-05-16 19:09:00
544,76,53,Embedded Systems,2025-05-10 14:42:00
545,36,26,Robotics,2025-05-20 19:08:00
546,13,108,Embedded Systems,2025-05-24 17:07:00
547,25,73,Robotics,2025-05-16 11:38:00
548,97,52,Embedded Systems,2025-05-07 13:45:00
549,11,105,Robotics,2025-05-18 15:58:00
550,57,54,Robotics,2025-05-08 08:00:00
551,26,172,Embedded Systems,2025-05-27 17:42:00
552,15,127,Biotechnology,2025-05-25 16:04:00
553,108,186,Embedded Systems,2025-05-21 11:29:00
554,9,76,Data Engineering,2025-05-04 21:11:00
555,44,11,Data Engineering,2025-05-22 13:27:00
556,8,190,Data Engineering,2025-05-01 21:08:00
557,75,170,Robotics,2025-05-12 15:39:00
558,12,69,Data Engineering,2025-05-27 13:11:00
559,103,30,Embedded Systems,2025-05-09 21:24:00
560,93,177,Embedded Systems,2025-05-21 20:10:00
561,14,29,Embedded Systems,2025-05-28 10:06:00
562,57,107,Data Engineering,2025-05-19 18:28:00
563,60,47,Data Engineering,2025-05-20 08:55:00
564,85,176,Data Engineering,2025-05-05 15:58:00
565,81,125,Biotechnology,2025-05-15 08:04:00
566,2,67,Embedded Systems,2025-05-28 18:33:00
567,84,197,Biotechnology,2025-05-08 18:55:00
568,119,87,Data Engineering,2025-05-23 17:06:00
569,34,111,Embedded Systems,2025-05-12 18:43:00
570,12,165,Robotics,2025-05-01 18:59:00
571,92,41,Biotechnology,2025-05-28 15:55:00
572,113,43,Robotics,2025-05-11 11:21:00
573,49,72,Embedded Systems,2025-05-18 18:24:00
574,9,104,Robotics,2025-05-15 20:36:00
575,83,115,Data Engineering,2025-05-15 13:07:00
576,2,128,Biotechnology,2025-05-13 14:02:00
577,15,143,Biotechnology,2025-05-26 17:39:00
578,118,164,Embedded Systems,2025-05-18 11:41:00
579,77,172,Embedded Systems,2025-05-12 21:03:00
580,41,58,Data Engineering,2025-05-25 17:38:00
581,45,122,Robotics,2025-05-15 09:06:00
582,1,195,Embedded Systems,2025-05-12 21:40:00
583,63,75,Data Engineering,2025-05-23 09:02:00
584,90,43,Robotics,2025-05-04 12:39:00
585,87,51,Robotics,2025-05-07 15:52:00
586,13,49,Robotics,2025-05-14 08:59:00
587,70,163,Embedded Systems,2025-05-25 15:29:00
588,99,169,Biotechnology,2025-05-05 15:00:00
589,66,136,Robotics,2025-05-14 21:37:00
590,92,124,Robotics,2025-05-06 19:37:00
591,18,45,Biotechnology,2025-05-13 18:38:00
592,60,156,Embedded Systems,2025-05-13 14:38:00
593,36,178,Robotics,2025-05-11 12:28:00
594,104,35,Data Engineering,2025-05-23 19:32:00
595,65,77,Robotics,2025-05-11 19:47:00
596,41,142,Embedded Systems,2025-05-07 17:45:00
597,111,75,Data Engineering,2025-05-05 19:41:00
598,119,46,Data Engineering,2025-05-21 13:45:00
599,67,30,Embedded Systems,2025-05-19 17:42:00
600,65,182,Robotics,2025-05-28 14:51:00
601,8,4,Embedded Systems,2025-05-13 10:03:00
602,59,172,Embedded Systems,2025-05-25 20:10:00
603,20,74,Robotics,2025-05-02 19:50:00
604,92,76,Data Engineering,2025-05-02 13:52:00
605,117,116,Data Engineering,2025-05-24 16:55:00
606,67,58,Data Engineering,2025-05-08 16:50:00
607,8,179,Biotechnology,2025-05-13 14:26:00
608,93,176,Data Engineering,2025-05-02 08:47:00
609,98,65,Embedded Systems,2025-05-27 11:58:00
610,77,163,Embedded Systems,2025-05-25 17:34:00
611,36,190,Data Engineering,2025-05-10 15:11:00
612,34,175,Data Engineering,2025-05-24 16:07:00
613,61,97,Robotics,2025-05-18 12:08:00
614,57,42,Embedded Systems,2025-05-01 13:29:00
615,6,182,Robotics,2025-05-11 17:03:00
616,74,199,Data Engineering,2025-05-22 12:31:00
617,20,147,Embedded Systems,2025-05-26 19:20:00
618,39,135,Embedded Systems,2025-05-17 09:50:00
619,92,130,Data Engineering,2025-05-18 14:05:00
620,39,90,Data Engineering,2025-05-22 13:21:00
621,111,93,Embedded Systems,2025-05-18 21:48:00
622,78,167,Embedded Systems,2025-05-15 11:57:00
623,56,165,Robotics,2025-05-02 18:56:00
624,25,83,Biotechnology,2025-05-13 12:34:00
625,119,186,Embedded Systems,2025-05-27 20:23:00
626,52,132,Embedded Systems,2025-05-02 12:57:00
627,118,167,Embedded Systems,2025-05-03 09:10:00
628,1,198,Data Engineering,2025-05-21 09:13:00
629,46,172,Embedded Systems,2025-05-28 18:27:00
630,94,27,Embedded Systems,2025-05-21 21:04:00
631,4,192,Data Engineering,2025-05-23 13:02:00
632,38,23,Robotics,2025-05-26 12:35:00
633,46,19,Biotechnology,2025-05-09 14:24:00
634,74,116,Data Engineering,2025-05-11 08:24:00
635,2,173,Embedded Systems,2025-05-21 19:39:00
636,70,17,Robotics,2025-05-23 21:04:00
637,13,92,Biotechnology,2025-05-26 18:19:00
638,98,156,Embedded Systems,2025-05-13 14:52:00
639,36,170,Robotics,2025-05-18 11:08:00
640,92,192,Data Engineering,2025-05-10 18:09:00
641,110,77,Robotics,2025-05-26 21:46:00
642,6,166,Embedded Systems,2025-05-18 21:35:00
643,1,37,Data Engineering,2025-05-19 17:25:00
644,13,138,Biotechnology,2025-05-10 11:47:00
645,43,190,Data Engineering,2025-05-14 18:54:00
646,39,132,Embedded Systems,2025-05-08 17:53:00
647,39,65,Embedded Systems,2025-05-22 20:36:00
648,111,14,Data Engineering,2025-05-18 15:41:00
649,18,141,Robotics,2025-05-09 09:12:00
650,75,186,Embedded Systems,2025-05-12 10:42:00
651,65,168,Robotics,2025-05-20 09:57:00
652,102,50,Embedded Systems,2025-05-11 17:42:00
653,21,79,Data Engineering,2025-05-19 13:51:00
654,25,81,Embedded Systems,2025-05-11 11:50:00
655,77,57,Robotics,2025-05-09 21:23:00
656,41,35,Data Engineering,2025-05-16 15:28:00
657,58,92,Biotechnology,2025-05-04 10:41:00
658,61,156,Embedded Systems,2025-05-28 21:08:00
659,12,138,Biotechnology,2025-05-24 09:57:00
660,76,5,Data Engineering,2025-05-27 17:37:00
661,29,104,Robotics,2025-05-02 16:16:00
662,65,140,Embedded Systems,2025-05-21 20:09:00
663,114,94,Biotechnology,2025-05-24 21:18:00
664,87,35,Data Engineering,2025-05-03 14:23:00
665,55,129,Embedded Systems,2025-05-28 20:39:00
666,87,176,Data Engineering,2025-05-05 15:10:00
667,96,46,Data Engineering,2025-05-22 21:09:00
668,112,189,Biotechnology,2025-05-02 11:48:00
669,51,125,Biotechnology,2025-05-12 11:02:00
670,81,172,Embedded Systems,2025-05-13 15:58:00
671,6,117,Robotics,2025-05-21 13:06:00
672,76,181,Embedded Systems,2025-05-09 21:47:00
673,38,68,Embedded Systems,2025-05-13 18:24:00
674,12,94,Biotechnology,2025-05-17 12:24:00
675,60,58,Data Engineering,2025-05-27 21:22:00
676,105,125,Biotechnology,2025-05-01 16:56:00
677,51,36,Robotics,2025-05-03 16:41:00
678,39,72,Embedded Systems,2025-05-06 13:38:00
679,78,184,Embedded Systems,2025-05-14 20:21:00
680,112,185,Robotics,2025-05-16 11:37:00
681,90,42,Embedded Systems,2025-05-01 11:02:00
682,36,33,Embedded Systems,2025-05-05 18:32:00
683,20,11,Data Engineering,2025-05-06 12:59:00
684,69,47,Data Engineering,2025-05-20 17:40:00
685,85,5,Data Engineering,2025-05-27 12:05:00
686,111,56,Embedded Systems,2025-05-28 15:10:00
687,71,57,Robotics,2025-05-26 17:52:00
688,100,197,Biotechnology,2025-05-09 10:46:00
689,78,176,Data Engineering,2025-05-20 17:04:00
690,28,59,Robotics,2025-05-04 08:12:00
691,60,134,Robotics,2025-05-14 21:09:00
692,111,156,Embedded Systems,2025-05-20 17:02:00
693,26,137,Data Engineering,2025-05-03 15:42:00
694,65,34,Robotics,2025-05-01 20:43:00
695,92,167,Embedded Systems,2025-05-12 21:02:00
696,46,179,Biotechnology,2025-05-26 15:50:00
697,114,197,Biotechnology,2025-05-26 19:58:00
698,68,195,Embedded Systems,2025-05-14 10:16:00
699,109,123,Data Engineering,2025-05-03 12:38:00
700,40,140,Embedded Systems,2025-05-01 19:47:00
701,27,2,Robotics,2025-05-17 08:24:00
702,71,168,Robotics,2025-05-14 13:06:00
703,112,40,Biotechnology,2025-05-09 12:54:00
704,75,138,Biotechnology,2025-05-20 12:43:00
705,50,102,Data Engineering,2025-05-26 16:30:00
706,94,46,Data Engineering,2025-05-16 12:19:00
707,87,148,Embedded Systems,2025-05-24 10:54:00
708,46,169,Biotechnology,2025-05-15 20:44:00
709,118,42,Embedded Systems,2025-05-13 20:21:00
710,12,141,Robotics,2025-05-06 14:40:00
711,95,2,Robotics,2025-05-16 17:27:00
712,49,23,Robotics,2025-05-12 09:38:00
713,111,10,Robotics,2025-05-13 17:41:00
714,14,134,Robotics,2025-05-25 21:11:00
715,6,164,Embedded Systems,2025-05-07 21:42:00
716,9,133,Embedded Systems,2025-05-26 17:32:00
717,74,133,Embedded Systems,2025-05-22 08:23:00
718,118,62,Robotics,2025-05-03 12:49:00
719,68,103,Data Engineering,2025-05-13 17:12:00
720,18,133,Embedded Systems,2025-05-03 16:18:00
721,110,186,Embedded Systems,2025-05-12 13:52:00
722,40,71,Robotics,2025-05-15 14:36:00
723,90,2,Robotics,2025-05-17 09:35:00
724,68,19,Biotechnology,2025-05-04 20:32:00
725,94,66,Data Engineering,2025-05-19 12:44:00
726,67,114,Robotics,2025-05-25 11:48:00
727,54,87,Data Engineering,2025-05-15 17:55:00
728,51,8,Biotechnology,2025-05-03 14:40:00
729,31,57,Robotics,2025-05-11 14:22:00
730,58,133,Embedded Systems,2025-05-08 12:05:00
731,95,103,Data Engineering,2025-05-03 16:59:00
732,60,46,Data Engineering,2025-05-07 17:17:00
733,80,47,Data Engineering,2025-05-07 15:47:00
734,55,52,Embedded Systems,2025-05-28 12:13:00
735,56,59,Robotics,2025-05-27 17:22:00
736,16,40,Biotechnology,2025-05-03 18:42:00
737,105,127,Biotechnology,2025-05-02 21:30:00
738,83,96,Data Engineering,2025-05-19 21:17:00
739,87,126,Data Engineering,2025-05-09 14:14:00
740,12,193,Robotics,2025-05-17 20:27:00
741,5,123,Data Engineering,2025-05-12 14:55:00
742,54,176,Data Engineering,2025-05-04 19:33:00
743,6,118,Embedded Systems,2025-05-01 18:13:00
744,65,98,Biotechnology,2025-05-12 17:55:00
745,58,67,Embedded Systems,2025-05-08 12:30:00
746,35,157,Data Engineering,2025-05-16 14:13:00
747,45,108,Embedded Systems,2025-05-28 14:17:00
748,28,116,Data Engineering,2025-05-19 18:14:00
749,93,26,Robotics,2025-05-18 14:54:00
750,35,98,Biotechnology,2025-05-16 20:00:00
751,29,46,Data Engineering,2025-05-28 18:33:00
752,92,137,Data Engineering,2025-05-10 12:35:00
753,16,146,Biotechnology,2025-05-23 10:03:00
754,56,56,Embedded Systems,2025-05-21 09:28:00
755,81,191,Robotics,2025-05-12 16:35:00
756,70,66,Data Engineering,2025-05-04 13:55:00
757,28,174,Robotics,2025-05-19 18:41:00
758,54,138,Biotechnology,2025-05-12 13:43:00
759,89,131,Biotechnology,2025-05-03 14:39:00
760,31,74,Robotics,2025-05-28 10:40:00
761,105,87,Data Engineering,2025-05-19 14:54:00
762,68,19,Biotechnology,2025-05-08 13:20:00
763,59,168,Robotics,2025-05-20 18:25:00
764,92,70,Biotechnology,2025-05-12 19:37:00
765,50,134,Robotics,2025-05-06 21:01:00
766,78,33,Embedded Systems,2025-05-24 19:47:00
767,79,21,Biotechnology,2025-05-04 09:04:00
768,8,122,Robotics,2025-05-25 14:33:00
769,13,196,Robotics,2025-05-20 10:05:00
770,47,168,Robotics,2025-05-08 11:47:00
771,28,73,Robotics,2025-05-05 16:53:00
772,72,44,Biotechnology,2025-05-28 13:55:00
773,59,122,Robotics,2025-05-18 15:08:00
774,114,179,Biotechnology,2025-05-20 15:40:00
775,96,192,Data Engineering,2025-05-14 16:40:00
776,78,164,Embedded Systems,2025-05-16 16:14:00
777,81,23,Robotics,2025-05-14 12:09:00
778,119,78,Embedded Systems,2025-05-27 20:54:00
779,80,35,Data Engineering,2025-05-18 08:44:00
780,56,126,Data Engineering,2025-05-01 20:27:00
781,1,75,Data Engineering,2025-05-18 13:12:00
782,51,106,Biotechnology,2025-05-08 10:45:00
783,77,189,Biotechnology,2025-05-08 12:05:00
784,88,109,Data Engineering,2025-05-25 20:58:00
785,81,157,Data Engineering,2025-05-10 18:47:00
786,49,137,Data Engineering,2025-05-28 09:11:00
787,108,35,Data Engineering,2025-05-15 17:28:00
788,59,70,Biotechnology,2025-05-11 08:09:00
789,3,13,Biotechnology,2025-05-04 12:17:00
790,85,33,Embedded Systems,2025-05-08 09:09:00
791,77,4,Embedded Systems,2025-05-14 12:50:00
792,54,128,Biotechnology,2025-05-26 08:21:00
793,114,21,Biotechnology,2025-05-02 12:49:00
794,80,101,Data Engineering,2025-05-06 11:57:00
795,96,65,Embedded Systems,2025-05-04 20:45:00
796,98,64,Robotics,2025-05-08 19:02:00
797,24,51,Robotics,2025-05-17 18:13:00
798,70,122,Robotics,2025-05-11 10:40:00
799,119,187,Embedded Systems,2025-05-04 12:30:00
800,81,164,Embedded Systems,2025-05-02 21:42:00
801,32,56,Embedded Systems,2025-05-14 13:00:00
802,70,43,Robotics,2025-05-13 20:15:00
803,69,3,Data Engineering,2025-05-23 15:44:00
804,22,153,Robotics,2025-05-08 10:31:00
805,42,24,Embedded Systems,2025-05-25 18:03:00
806,35,16,Robotics,2025-05-23 16:50:00
807,51,28,Robotics,2025-05-11 16:50:00
808,93,166,Embedded Systems,2025-05-15 19:12:00
809,44,6,Data Engineering,2025-05-05 12:57:00
810,76,11,Data Engineering,2025-05-18 12:34:00
811,110,179,Biotechnology,2025-05-06 16:22:00
812,37,83,Biotechnology,2025-05-27 17:58:00
813,35,142,Embedded Systems,2025-05-15 12:52:00
814,103,68,Embedded Systems,2025-05-01 20:40:00
815,35,130,Data Engineering,2025-05-01 17:54:00
816,33,94,Biotechnology,2025-05-24 09:42:00
817,28,138,Biotechnology,2025-05-22 15:49:00
818,65,142,Embedded Systems,2025-05-11 14:41:00
819,101,83,Biotechnology,2025-05-22 09:02:00
820,9,34,Robotics,2025-05-07 09:31:00
821,85,50,Embedded Systems,2025-05-22 15:33:00
822,35,160,Robotics,2025-05-12 11:38:00
823,42,184,Embedded Systems,2025-05-21 15:59:00
824,9,21,Biotechnology,2025-05-12 16:47:00
825,93,107,Data Engineering,2025-05-02 21:39:00
826,15,69,Data Engineering,2025-05-27 12:04:00
827,12,56,Embedded Systems,2025-05-24 11:34:00
828,103,99,Biotechnology,2025-05-22 11:36:00
829,67,161,Robotics,2025-05-18 14:47:00
830,68,28,Robotics,2025-05-22 15:44:00
831,25,171,Robotics,2025-05-06 20:11:00
832,77,141,Robotics,2025-05-22 10:34:00
833,60,154,Data Engineering,2025-05-11 16:20:00
834,108,96,Data Engineering,2025-05-14 21:46:00
835,110,83,Biotechnology,2025-05-18 11:24:00
836,50,197,Biotechnology,2025-05-12 15:28:00
837,7,102,Data Engineering,2025-05-10 17:01:00
838,69,133,Embedded Systems,2025-05-01 12:14:00
839,3,55,Biotechnology,2025-05-27 19:52:00
840,61,71,Robotics,2025-05-19 17:09:00
841,80,25,Robotics,2025-05-05 10:16:00
842,34,94,Biotechnology,2025-05-09 20:19:00
843,46,24,Embedded Systems,2025-05-24 09:46:00
844,25,84,Data Engineering,2025-05-27 19:44:00
845,12,148,Embedded Systems,2025-05-21 12:02:00
846,46,188,Embedded Systems,2025-05-25 08:58:00
847,74,198,Data Engineering,2025-05-14 21:07:00
848,111,198,Data Engineering,2025-05-28 17:59:00
849,107,3,Data Engineering,2025-05-13 08:19:00
850,35,135,Embedded Systems,2025-05-11 16:44:00
851,87,57,Robotics,2025-05-15 20:38:00
852,49,148,Embedded Systems,2025-05-14 12:50:00
853,56,101,Data Engineering,2025-05-03 15:36:00
854,88,191,Robotics,2025-05-09 09:25:00
855,28,129,Embedded Systems,2025-05-25 10:30:00
856,68,144,Data Engineering,2025-05-21 17:12:00
857,89,144,Data Engineering,2025-05-08 11:04:00
858,41,69,Data Engineering,2025-05-19 09:07:00
859,81,172,Embedded Systems,2025-05-12 11:20:00
860,6,89,Data Engineering,2025-05-25 12:10:00
861,76,90,Data Engineering,2025-05-20 10:28:00
862,32,12,Data Engineering,2025-05-22 13:09:00
863,10,194,Robotics,2025-05-24 08:15:00
864,103,159,Embedded Systems,2025-05-27 12:00:00
865,14,88,Data Engineering,2025-05-15 15:01:00
866,90,85,Data Engineering,2025-05-07 11:34:00
867,66,134,Robotics,2025-05-20 19:09:00
868,2,178,Robotics,2025-05-19 18:33:00
869,10,12,Data Engineering,2025-05-10 11:50:00
870,8,179,Biotechnology,2025-05-15 18:00:00
871,59,18,Robotics,2025-05-22 21:58:00
872,17,169,Biotechnology,2025-05-01 12:55:00
873,83,167,Embedded Systems,2025-05-17 19:06:00
874,22,81,Embedded Systems,2025-05-06 11:32:00
875,7,118,Embedded Systems,2025-05-02 11:59:00
876,113,136,Robotics,2025-05-13 19:10:00
877,60,5,Data Engineering,2025-05-12 18:19:00
878,118,61,Data Engineering,2025-05-09 20:03:00
879,85,161,Robotics,2025-05-27 08:35:00
880,77,72,Embedded Systems,2025-05-13 18:08:00
881,61,23,Robotics,2025-05-22 17:55:00
882,50,161,Robotics,2025-05-19 10:27:00
883,41,80,Data Engineering,2025-05-18 10:13:00
884,41,168,Robotics,2025-05-28 10:19:00
885,62,177,Embedded Systems,2025-05-05 14:58:00
886,96,198,Data Engineering,2025-05-06 13:04:00
887,28,143,Biotechnology,2025-05-06 13:53:00
888,90,38,Embedded Systems,2025-05-14 14:19:00
889,95,114,Robotics,2025-05-21 19:17:00
890,13,39,Data Engineering,2025-05-06 08:48:00
891,104,157,Data Engineering,2025-05-19 17:14:00
892,8,153,Robotics,2025-05-12 09:44:00
893,116,200,Embedded Systems,2025-05-28 17:30:00
894,35,183,Data Engineering,2025-05-28 14:31:00
895,40,122,Robotics,2025-05-08 08:26:00
896,111,196,Robotics,2025-05-14 11:47:00
897,89,172,Embedded Systems,2025-05-03 10:59:00
898,58,113,Data Engineering,2025-05-11 21:29:00
899,11,64,Robotics,2025-05-20 19:52:00
900,48,98,Biotechnology,2025-05-24 17:38:00
901,6,138,Biotechnology,2025-05-17 09:28:00
902,6,117,Robotics,2025-05-08 16:34:00
903,6,102,Data Engineering,2025-05-13 16:48:00
904,28,162,Biotechnology,2025-05-15 14:56:00
905,38,78,Embedded Systems,2025-05-06 14:18:00
906,81,157,Data Engineering,2025-05-05 15:53:00
907,116,166,Embedded Systems,2025-05-04 10:49:00
908,81,150,Biotechnology,2025-05-05 14:26:00
909,39,83,Biotechnology,2025-05-15 17:57:00
910,104,183,Data Engineering,2025-05-03 12:20:00
911,36,178,Robotics,2025-05-23 19:07:00
912,102,24,Embedded Systems,2025-05-21 13:05:00
913,85,135,Embedded Systems,2025-05-17 17:10:00
914,11,97,Robotics,2025-05-25 10:58:00
915,35,86,Robotics,2025-05-06 21:09:00
916,7,46,Data Engineering,2025-05-10 12:46:00
917,38,197,Biotechnology,2025-05-06 09:57:00
918,1,34,Robotics,2025-05-25 12:00:00
919,115,118,Embedded Systems,2025-05-18 20:00:00
920,33,156,Embedded Systems,2025-05-19 18:30:00
921,21,117,Robotics,2025-05-20 17:00:00
922,37,63,Embedded Systems,2025-05-21 16:52:00
923,31,54,Robotics,2025-05-02 18:22:00
924,9,10,Robotics,2025-05-22 17:53:00
925,22,155,Robotics,2025-05-02 09:26:00
926,49,46,Data Engineering,2025-05-20 18:44:00
927,94,180,Data Engineering,2025-05-06 15:47:00
928,7,149,Data Engineering,2025-05-03 20:19:00
929,77,83,Biotechnology,2025-05-27 09:48:00
930,8,110,Biotechnology,2025-05-16 10:07:00
931,41,178,Robotics,2025-05-14 16:13:00
932,9,179,Biotechnology,2025-05-04 17:46:00
933,15,162,Biotechnology,2025-05-16 19:44:00
934,119,155,Robotics,2025-05-10 14:38:00
935,80,82,Embedded Systems,2025-05-05 17:36:00
936,98,128,Biotechnology,2025-05-16 20:11:00
937,50,157,Data Engineering,2025-05-07 08:07:00
938,27,7,Embedded Systems,2025-05-24 21:13:00
939,50,158,Robotics,2025-05-11 13:35:00
940,41,164,Embedded Systems,2025-05-23 12:16:00
941,116,18,Robotics,2025-05-18 13:49:00
942,75,2,Robotics,2025-05-11 14:46:00
943,5,146,Biotechnology,2025-05-27 10:12:00
944,111,85,Data Engineering,2025-05-16 15:51:00
945,112,10,Robotics,2025-05-05 18:29:00
946,54,138,Biotechnology,2025-05-27 14:59:00
947,119,191,Robotics,2025-05-10 17:46:00
948,7,174,Robotics,2025-05-07 17:43:00
949,105,85,Data Engineering,2025-05-12 09:09:00
950,42,72,Embedded Systems,2025-05-13 18:34:00
951,85,43,Robotics,2025-05-06 17:07:00
952,71,193,Robotics,2025-05-23 08:17:00
953,48,106,Biotechnology,2025-05-12 15:53:00
954,69,78,Embedded Systems,2025-05-06 09:23:00
955,110,10,Robotics,2025-05-15 16:01:00
956,22,124,Robotics,2025-05-11 15:46:00
957,74,135,Embedded Systems,2025-05-05 20:55:00
958,112,26,Robotics,2025-05-22 10:13:00
959,85,186,Embedded Systems,2025-05-23 21:33:00
960,11,30,Embedded Systems,2025-05-22 21:38:00
961,11,23,Robotics,2025-05-04 16:49:00
962,3,169,Biotechnology,2025-05-25 12:40:00
963,40,54,Robotics,2025-05-10 12:34:00
964,80,82,Embedded Systems,2025-05-09 10:10:00
965,118,71,Robotics,2025-05-04 11:34:00
966,47,90,Data Engineering,2025-05-05 19:51:00
967,37,73,Robotics,2025-05-03 12:39:00
968,9,87,Data Engineering,2025-05-05 08:30:00
969,85,173,Embedded Systems,2025-05-02 09:27:00
970,103,101,Data Engineering,2025-05-19 18:53:00
971,74,177,Embedded Systems,2025-05-10 13:52:00
972,80,51,Robotics,2025-05-18 09:59:00
973,68,194,Robotics,2025-05-03 21:51:00
974,90,179,Biotechnology,2025-05-10 18:41:00
975,55,182,Robotics,2025-05-08 10:55:00
976,81,158,Robotics,2025-05-13 10:44:00
977,74,171,Robotics,2025-05-15 15:01:00
978,78,17,Robotics,2025-05-16 15:54:00
979,70,44,Biotechnology,2025-05-20 17:08:00
980,17,131,Biotechnology,2025-05-11 16:41:00
981,64,19,Biotechnology,2025-05-13 17:26:00
982,36,62,Robotics,2025-05-16 14:04:00
983,119,88,Data Engineering,2025-05-19 14:50:00
984,56,112,Data Engineering,2025-05-18 19:15:00
985,9,45,Biotechnology,2025-05-23 17:53:00
986,118,125,Biotechnology,2025-05-15 13:35:00
987,25,25,Robotics,2025-05-13 09:38:00
988,70,28,Robotics,2025-05-27 14:20:00
989,9,127,Biotechnology,2025-05-03 11:52:00
990,107,36,Robotics,2025-05-21 20:00:00
991,35,194,Robotics,2025-05-15 16:18:00
992,102,100,Embedded Systems,2025-05-07 11:43:00
993,69,82,Embedded Systems,2025-05-14 19:58:00
994,69,89,Data Engineering,2025-05-20 16:25:00
995,8,33,Embedded Systems,2025-05-18 08:00:00
996,80,181,Embedded Systems,2025-05-04 21:18:00
997,114,8,Biotechnology,2025-05-13 18:20:00
998,65,183,Data Engineering,2025-05-14 16:13:00
999,29,170,Robotics,2025-05-07 16:24:00
1000,22,93,Embedded Systems,2025-05-28 18:08:00
1001,110,35,Data Engineering,2025-05-01 10:46:00
1002,118,125,Biotechnology,2025-05-05 09:08:00
1003,101,165,Robotics,2025-05-26 19:38:00
1004,78,109,Data Engineering,2025-05-17 14:35:00
1005,40,116,Data Engineering,2025-05-06 14:38:00
1006,55,2,Robotics,2025-05-23 16:17:00
1007,68,106,Biotechnology,2025-05-02 08:36:00
1008,14,124,Robotics,2025-05-16 19:05:00
1009,62,37,Data Engineering,2025-05-28 20:49:00
1010,21,72,Embedded Systems,2025-05-17 17:05:00
1011,20,63,Embedded Systems,2025-05-22 18:34:00
1012,9,149,Data Engineering,2025-05-11 16:49:00
1013,87,3,Data Engineering,2025-05-16 17:46:00
1014,50,85,Data Engineering,2025-05-10 10:02:00
1015,88,178,Robotics,2025-05-24 20:36:00
1016,111,67,Embedded Systems,2025-05-19 10:36:00
1017,38,14,Data Engineering,2025-05-24 17:01:00
1018,28,74,Robotics,2025-05-17 09:54:00
1019,61,72,Embedded Systems,2025-05-09 21:16:00
1020,71,4,Embedded Systems,2025-05-19 19:09:00
1021,39,169,Biotechnology,2025-05-09 20:44:00
1022,89,61,Data Engineering,2025-05-28 08:21:00
1023,70,22,Biotechnology,2025-05-27 10:53:00
1024,49,127,Biotechnology,2025-05-13 11:42:00
1025,24,113,Data Engineering,2025-05-19 19:53:00
1026,46,89,Data Engineering,2025-05-25 21:07:00
1027,69,14,Data Engineering,2025-05-16 12:30:00
1028,111,192,Data Engineering,2025-05-08 14:43:00
1029,58,181,Embedded Systems,2025-05-05 16:55:00
1030,77,112,Data Engineering,2025-05-13 18:20:00
1031,6,136,Robotics,2025-05-18 18:22:00
1032,59,111,Embedded Systems,2025-05-11 12:17:00
1033,87,26,Robotics,2025-05-15 20:43:00
1034,117,192,Data Engineering,2025-05-19 20:12:00
1035,39,134,Robotics,2025-05-11 16:00:00
1036,18,173,Embedded Systems,2025-05-01 14:06:00
1037,102,135,Embedded Systems,2025-05-12 11:46:00
1038,9,73,Robotics,2025-05-01 17:05:00
1039,78,15,Biotechnology,2025-05-27 11:38:00
1040,27,164,Embedded Systems,2025-05-03 21:38:00
1041,39,34,Robotics,2025-05-04 19:11:00
1042,20,65,Embedded Systems,2025-05-21 15:59:00
1043,81,71,Robotics,2025-05-22 20:49:00
1044,12,83,Biotechnology,2025-05-09 20:03:00
1045,9,98,Biotechnology,2025-05-09 21:16:00
1046,82,46,Data Engineering,2025-05-07 17:25:00
1047,23,46,Data Engineering,2025-05-05 16:49:00
1048,25,111,Embedded Systems,2025-05-15 19:16:00
1049,20,27,Embedded Systems,2025-05-19 19:16:00
1050,83,199,Data Engineering,2025-05-05 18:40:00
1051,79,1,Data Engineering,2025-05-09 10:44:00
1052,68,85,Data Engineering,2025-05-17 19:49:00
1053,69,126,Data Engineering,2025-05-28 19:49:00
1054,2,18,Robotics,2025-05-13 19:52:00
1055,80,200,Embedded Systems,2025-05-11 18:19:00
1056,110,103,Data Engineering,2025-05-03 13:34:00
1057,78,88,Data Engineering,2025-05-25 20:18:00
1058,11,166,Embedded Systems,2025-05-13 18:12:00
1059,106,77,Robotics,2025-05-21 19:22:00
1060,88,125,Biotechnology,2025-05-24 11:08:00
1061,55,10,Robotics,2025-05-16 14:04:00
1062,98,139,Biotechnology,2025-05-18 21:51:00
1063,2,116,Data Engineering,2025-05-11 08:21:00
1064,27,185,Robotics,2025-05-07 20:41:00
1065,35,171,Robotics,2025-05-24 17:14:00
1066,34,19,Biotechnology,2025-05-16 18:01:00
1067,74,121,Embedded Systems,2025-05-08 19:41:00
1068,12,34,Robotics,2025-05-10 21:50:00
1069,37,25,Robotics,2025-05-27 17:04:00
1070,49,28,Robotics,2025-05-03 20:12:00
1071,80,110,Biotechnology,2025-05-11 09:43:00
1072,74,148,Embedded Systems,2025-05-27 20:13:00
1073,38,196,Robotics,2025-05-11 09:07:00
1074,92,71,Robotics,2025-05-06 19:23:00
1075,56,142,Embedded Systems,2025-05-19 08:08:00
1076,76,26,Robotics,2025-05-13 20:10:00
1077,9,5,Data Engineering,2025-05-01 10:59:00
1078,70,23,Robotics,2025-05-10 14:44:00
1079,28,198,Data Engineering,2025-05-07 10:40:00
1080,81,70,Biotechnology,2025-05-08 10:39:00
1081,39,178,Robotics,2025-05-23 15:39:00
1082,69,23,Robotics,2025-05-12 14:00:00
1083,28,143,Biotechnology,2025-05-17 09:39:00
1084,119,93,Embedded Systems,2025-05-17 11:29:00
1085,38,198,Data Engineering,2025-05-09 08:12:00
1086,81,29,Embedded Systems,2025-05-16 15:11:00
1087,6,41,Biotechnology,2025-05-21 13:18:00
1088,75,54,Robotics,2025-05-20 20:56:00
1089,25,195,Embedded Systems,2025-05-24 08:59:00
1090,5,138,Biotechnology,2025-05-16 16:07:00
1091,84,19,Biotechnology,2025-05-19 17:20:00
1092,74,108,Embedded Systems,2025-05-08 20:07:00
1093,43,84,Data Engineering,2025-05-24 14:55:00
1094,49,52,Embedded Systems,2025-05-03 15:37:00
1095,84,125,Biotechnology,2025-05-05 11:59:00
1096,66,157,Data Engineering,2025-05-12 10:29:00
1097,80,185,Robotics,2025-05-09 11:21:00
1098,14,33,Embedded Systems,2025-05-09 10:07:00
1099,33,120,Data Engineering,2025-05-25 13:14:00
1100,108,76,Data Engineering,2025-05-20 10:36:00
1101,10,142,Embedded Systems,2025-05-28 16:31:00
1102,104,56,Embedded Systems,2025-05-09 08:46:00
1103,34,110,Biotechnology,2025-05-11 14:37:00
1104,70,57,Robotics,2025-05-05 17:57:00
1105,11,2,Robotics,2025-05-02 15:46:00
1106,83,197,Biotechnology,2025-05-17 14:30:00
1107,53,179,Biotechnology,2025-05-08 09:35:00
1108,90,193,Robotics,2025-05-07 10:22:00
1109,19,76,Data Engineering,2025-05-01 15:42:00
1110,78,79,Data Engineering,2025-05-28 17:47:00
1111,90,150,Biotechnology,2025-05-15 20:08:00
1112,82,181,Embedded Systems,2025-05-21 15:45:00
1113,20,163,Embedded Systems,2025-05-13 19:21:00
1114,93,136,Robotics,2025-05-25 12:44:00
1115,38,157,Data Engineering,2025-05-26 18:05:00
1116,87,159,Embedded Systems,2025-05-02 16:58:00
1117,12,173,Embedded Systems,2025-05-04 14:23:00
1118,61,120,Data Engineering,2025-05-12 10:41:00
1119,67,144,Data Engineering,2025-05-25 11:08:00
1120,26,86,Robotics,2025-05-21 15:47:00
1121,42,193,Robotics,2025-05-25 19:48:00
1122,47,58,Data Engineering,2025-05-17 18:27:00
1123,82,71,Robotics,2025-05-12 15:31:00
1124,27,129,Embedded Systems,2025-05-16 19:34:00
1125,107,174,Robotics,2025-05-15 17:23:00
1126,94,173,Embedded Systems,2025-05-03 11:57:00
1127,87,118,Embedded Systems,2025-05-06 12:04:00
1128,26,28,Robotics,2025-05-23 10:31:00
1129,61,39,Data Engineering,2025-05-21 08:18:00
1130,65,107,Data Engineering,2025-05-05 15:22:00
1131,7,108,Embedded Systems,2025-05-10 11:04:00
1132,31,6,Data Engineering,2025-05-17 18:21:00
1133,65,106,Biotechnology,2025-05-16 17:42:00
1134,106,179,Biotechnology,2025-05-15 15:19:00
1135,62,146,Biotechnology,2025-05-06 20:16:00
1136,65,59,Robotics,2025-05-25 21:03:00
1137,103,38,Embedded Systems,2025-05-06 17:59:00
1138,38,42,Embedded Systems,2025-05-06 21:45:00
1139,93,178,Robotics,2025-05-06 11:07:00
1140,68,11,Data Engineering,2025-05-15 12:23:00
1141,6,48,Biotechnology,2025-05-22 13:22:00
1142,36,38,Embedded Systems,2025-05-18 12:07:00
1143,115,7,Embedded Systems,2025-05-25 10:29:00
1144,116,82,Embedded Systems,2025-05-11 18:45:00
1145,50,76,Data Engineering,2025-05-25 17:42:00
1146,85,38,Embedded Systems,2025-05-15 13:44:00
1147,107,29,Embedded Systems,2025-05-05 18:35:00
1148,88,30,Embedded Systems,2025-05-20 21:14:00
1149,54,115,Data Engineering,2025-05-02 17:41:00
1150,49,50,Embedded Systems,2025-05-26 20:17:00
1151,102,51,Robotics,2025-05-22 18:05:00
1152,113,132,Embedded Systems,2025-05-11 17:38:00
1153,109,131,Biotechnology,2025-05-12 14:09:00
1154,45,184,Embedded Systems,2025-05-12 08:18:00
1155,77,89,Data Engineering,2025-05-28 16:05:00
1156,52,56,Embedded Systems,2025-05-14 20:28:00
1157,93,74,Robotics,2025-05-24 14:08:00
1158,34,151,Biotechnology,2025-05-07 12:30:00
1159,8,135,Embedded Systems,2025-05-19 20:24:00
1160,59,23,Robotics,2025-05-14 10:35:00
1161,88,119,Robotics,2025-05-05 11:11:00
1162,95,98,Biotechnology,2025-05-02 21:52:00
1163,39,78,Embedded Systems,2025-05-18 19:29:00
1164,1,58,Data Engineering,2025-05-05 12:19:00
1165,56,164,Embedded Systems,2025-05-21 18:57:00
1166,113,74,Robotics,2025-05-23 18:15:00
1167,53,8,Biotechnology,2025-05-16 09:38:00
1168,112,191,Robotics,2025-05-19 14:55:00
1169,111,67,Embedded Systems,2025-05-23 21:07:00
1170,97,96,Data Engineering,2025-05-01 21:16:00
1171,31,42,Embedded Systems,2025-05-11 15:56:00
1172,36,178,Robotics,2025-05-02 12:23:00
1173,80,108,Embedded Systems,2025-05-02 12:18:00
1174,20,136,Robotics,2025-05-17 11:49:00
1175,24,161,Robotics,2025-05-20 20:10:00
1176,71,140,Embedded Systems,2025-05-27 21:43:00
1177,81,78,Embedded Systems,2025-05-04 16:37:00
1178,2,91,Biotechnology,2025-05-17 12:23:00
1179,77,200,Embedded Systems,2025-05-06 09:13:00
1180,41,40,Biotechnology,2025-05-26 16:39:00
1181,62,177,Embedded Systems,2025-05-18 19:35:00
1182,15,180,Data Engineering,2025-05-15 09:07:00
1183,56,34,Robotics,2025-05-10 19:23:00
1184,105,36,Robotics,2025-05-20 16:48:00
1185,51,88,Data Engineering,2025-05-01 19:52:00
1186,31,31,Robotics,2025-05-23 11:19:00
1187,21,33,Embedded Systems,2025-05-14 19:48:00
1188,112,29,Embedded Systems,2025-05-25 14:02:00
1189,118,51,Robotics,2025-05-19 08:30:00
1190,6,31,Robotics,2025-05-10 18:00:00
1191,27,194,Robotics,2025-05-20 11:37:00
1192,78,52,Embedded Systems,2025-05-01 09:09:00
1193,114,192,Data Engineering,2025-05-12 13:10:00
1194,73,129,Embedded Systems,2025-05-17 17:04:00
1195,90,26,Robotics,2025-05-17 11:45:00
1196,25,50,Embedded Systems,2025-05-25 16:00:00
1197,46,186,Embedded Systems,2025-05-17 21:45:00
1198,39,122,Robotics,2025-05-15 18:06:00
1199,119,47,Data Engineering,2025-05-14 11:32:00
1200,71,59,Robotics,2025-05-04 15:07:00
1201,81,134,Robotics,2025-05-23 12:35:00
1202,74,185,Robotics,2025-05-16 09:24:00
1203,70,73,Robotics,2025-05-22 21:28:00
1204,50,58,Data Engineering,2025-05-28 14:12:00
1205,93,18,Robotics,2025-05-22 13:11:00
1206,59,4,Embedded Systems,2025-05-04 14:28:00
1207,10,134,Robotics,2025-05-05 14:25:00
1208,25,178,Robotics,2025-05-24 10:04:00
1209,42,94,Biotechnology,2025-05-20 21:25:00
1210,83,32,Biotechnology,2025-05-24 15:17:00
1211,69,196,Robotics,2025-05-09 20:50:00
1212,44,165,Robotics,2025-05-22 17:25:00
1213,34,125,Biotechnology,2025-05-25 15:06:00
1214,98,32,Biotechnology,2025-05-08 18:08:00
1215,8,8,Biotechnology,2025-05-27 09:31:00
1216,38,174,Robotics,2025-05-13 17:43:00
1217,106,84,Data Engineering,2025-05-20 09:48:00
1218,61,20,Biotechnology,2025-05-16 20:29:00
1219,115,52,Embedded Systems,2025-05-16 16:16:00
1220,105,139,Biotechnology,2025-05-18 08:48:00
1221,104,9,Embedded Systems,2025-05-04 14:28:00
1222,52,81,Embedded Systems,2025-05-02 08:11:00
1223,91,143,Biotechnology,2025-05-23 10:31:00
1224,85,111,Embedded Systems,2025-05-16 20:07:00
1225,78,146,Biotechnology,2025-05-22 16:36:00
1226,36,121,Embedded Systems,2025-05-17 08:25:00
1227,83,68,Embedded Systems,2025-05-20 18:22:00
1228,40,197,Biotechnology,2025-05-01 17:02:00
1229,43,33,Embedded Systems,2025-05-24 17:01:00
1230,42,196,Robotics,2025-05-04 14:22:00
1231,9,92,Biotechnology,2025-05-22 11:15:00
1232,100,61,Data Engineering,2025-05-03 19:04:00
1233,33,79,Data Engineering,2025-05-01 16:20:00
1234,93,10,Robotics,2025-05-19 16:57:00
1235,111,108,Embedded Systems,2025-05-19 08:20:00
1236,74,97,Robotics,2025-05-19 09:51:00
1237,117,126,Data Engineering,2025-05-07 13:31:00
1238,79,129,Embedded Systems,2025-05-06 17:19:00
1239,29,94,Biotechnology,2025-05-21 21:50:00
1240,64,20,Biotechnology,2025-05-10 12:03:00
1241,49,77,Robotics,2025-05-08 17:47:00
1242,69,24,Embedded Systems,2025-05-19 13:17:00
1243,111,18,Robotics,2025-05-14 11:22:00
1244,39,20,Biotechnology,2025-05-26 12:27:00
1245,41,170,Robotics,2025-05-14 14:16:00
1246,39,160,Robotics,2025-05-01 18:45:00
1247,68,133,Embedded Systems,2025-05-07 18:52:00
1248,36,191,Robotics,2025-05-21 16:51:00
1249,108,158,Robotics,2025-05-19 19:40:00
1250,81,16,Robotics,2025-05-15 10:15:00
1251,90,39,Data Engineering,2025-05-28 14:26:00
1252,109,82,Embedded Systems,2025-05-21 11:54:00
1253,54,106,Biotechnology,2025-05-21 10:16:00
1254,69,176,Data Engineering,2025-05-08 09:09:00
1255,70,50,Embedded Systems,2025-05-15 15:35:00
1256,7,112,Data Engineering,2025-05-07 10:17:00
1257,48,35,Data Engineering,2025-05-22 16:11:00
1258,117,165,Robotics,2025-05-16 20:01:00
1259,10,15,Biotechnology,2025-05-20 12:55:00
1260,49,17,Robotics,2025-05-12 18:42:00
1261,29,24,Embedded Systems,2025-05-08 09:36:00
1262,28,189,Biotechnology,2025-05-17 18:53:00
1263,111,149,Data Engineering,2025-05-09 15:56:00
1264,27,24,Embedded Systems,2025-05-25 20:20:00
1265,87,85,Data Engineering,2025-05-26 19:47:00
1266,30,61,Data Engineering,2025-05-04 10:13:00
1267,57,71,Robotics,2025-05-28 17:03:00
1268,120,126,Data Engineering,2025-05-04 13:34:00
1269,44,109,Data Engineering,2025-05-09 20:59:00
1270,82,38,Embedded Systems,2025-05-27 12:01:00
1271,72,166,Embedded Systems,2025-05-27 19:42:00
1272,92,14,Data Engineering,2025-05-08 12:35:00
1273,75,99,Biotechnology,2025-05-26 18:07:00
1274,101,137,Data Engineering,2025-05-13 08:58:00
1275,110,101,Data Engineering,2025-05-10 09:59:00
1276,42,194,Robotics,2025-05-28 10:58:00
1277,110,113,Data Engineering,2025-05-14 20:02:00
1278,95,71,Robotics,2025-05-16 15:47:00
1279,41,106,Biotechnology,2025-05-14 21:06:00
1280,60,42,Embedded Systems,2025-05-12 14:38:00
1281,87,187,Embedded Systems,2025-05-15 19:01:00
1282,39,196,Robotics,2025-05-21 15:50:00
1283,88,165,Robotics,2025-05-07 18:19:00
1284,26,81,Embedded Systems,2025-05-06 11:33:00
1285,97,183,Data Engineering,2025-05-25 10:54:00
1286,92,153,Robotics,2025-05-11 15:30:00
1287,39,189,Biotechnology,2025-05-22 17:52:00
1288,28,84,Data Engineering,2025-05-14 13:11:00
1289,113,101,Data Engineering,2025-05-19 11:01:00
1290,77,6,Data Engineering,2025-05-21 11:58:00
1291,28,23,Robotics,2025-05-23 21:10:00
1292,83,13,Biotechnology,2025-05-20 12:09:00
1293,25,23,Robotics,2025-05-19 09:00:00
1294,103,184,Embedded Systems,2025-05-27 18:31:00
1295,42,31,Robotics,2025-05-07 21:52:00
1296,83,69,Data Engineering,2025-05-13 10:27:00
1297,65,53,Embedded Systems,2025-05-24 18:12:00
1298,31,108,Embedded Systems,2025-05-01 12:16:00
1299,44,61,Data Engineering,2025-05-12 17:43:00
1300,6,166,Embedded Systems,2025-05-16 10:55:00
1301,48,83,Biotechnology,2025-05-07 19:24:00
1302,57,182,Robotics,2025-05-03 09:35:00
1303,55,16,Robotics,2025-05-16 13:38:00
1304,71,172,Embedded Systems,2025-05-24 20:02:00
1305,83,2,Robotics,2025-05-10 14:42:00
1306,94,95,Data Engineering,2025-05-02 17:11:00
1307,115,67,Embedded Systems,2025-05-11 15:08:00
1308,94,23,Robotics,2025-05-05 12:07:00
1309,28,81,Embedded Systems,2025-05-16 21:53:00
1310,111,72,Embedded Systems,2025-05-10 12:39:00
1311,61,195,Embedded Systems,2025-05-14 10:20:00
1312,90,189,Biotechnology,2025-05-05 16:54:00
1313,88,169,Biotechnology,2025-05-02 11:09:00
1314,7,14,Data Engineering,2025-05-16 12:10:00
1315,26,181,Embedded Systems,2025-05-16 08:28:00
1316,67,92,Biotechnology,2025-05-15 15:07:00
1317,17,185,Robotics,2025-05-03 11:55:00
1318,37,73,Robotics,2025-05-24 16:52:00
1319,112,70,Biotechnology,2025-05-07 17:00:00
1320,26,135,Embedded Systems,2025-05-03 11:49:00
1321,105,128,Biotechnology,2025-05-01 12:43:00
1322,63,175,Data Engineering,2025-05-19 09:53:00
1323,13,83,Biotechnology,2025-05-15 21:45:00
1324,52,169,Biotechnology,2025-05-20 18:00:00
1325,78,85,Data Engineering,2025-05-15 13:46:00
1326,93,188,Embedded Systems,2025-05-05 11:55:00
1327,37,13,Biotechnology,2025-05-26 08:47:00
1328,119,19,Biotechnology,2025-05-13 09:25:00
1329,69,66,Data Engineering,2025-05-03 08:54:00
1330,88,54,Robotics,2025-05-10 18:48:00
1331,69,168,Robotics,2025-05-16 20:27:00
1332,40,189,Biotechnology,2025-05-22 17:08:00
1333,97,92,Biotechnology,2025-05-17 11:31:00
1334,56,115,Data Engineering,2025-05-19 17:27:00
1335,94,24,Embedded Systems,2025-05-20 10:27:00
1336,7,162,Biotechnology,2025-05-17 13:29:00
1337,35,174,Robotics,2025-05-16 16:40:00
1338,67,166,Embedded Systems,2025-05-15 14:05:00
1339,28,123,Data Engineering,2025-05-22 12:53:00
1340,67,64,Robotics,2025-05-19 08:35:00
1341,61,20,Biotechnology,2025-05-17 14:26:00
1342,57,25,Robotics,2025-05-12 12:37:00
1343,2,21,Biotechnology,2025-05-24 18:29:00
1344,98,46,Data Engineering,2025-05-02 09:26:00
1345,103,181,Embedded Systems,2025-05-25 18:28:00
1346,42,160,Robotics,2025-05-28 20:11:00
1347,119,55,Biotechnology,2025-05-09 21:43:00
1348,7,28,Robotics,2025-05-01 14:07:00
1349,112,4,Embedded Systems,2025-05-15 19:25:00
1350,71,169,Biotechnology,2025-05-16 12:39:00
1351,87,158,Robotics,2025-05-26 12:05:00
1352,40,33,Embedded Systems,2025-05-04 21:01:00
1353,101,179,Biotechnology,2025-05-07 15:41:00
1354,94,38,Embedded Systems,2025-05-27 18:54:00
1355,61,138,Biotechnology,2025-05-25 15:09:00
1356,26,122,Robotics,2025-05-06 10:47:00
1357,82,180,Data Engineering,2025-05-16 08:55:00
1358,37,116,Data Engineering,2025-05-10 17:53:00
1359,2,101,Data Engineering,2025-05-04 18:54:00
1360,71,183,Data Engineering,2025-05-28 15:47:00
1361,93,149,Data Engineering,2025-05-10 08:31:00
1362,100,103,Data Engineering,2025-05-24 17:59:00
1363,103,174,Robotics,2025-05-08 19:03:00
1364,71,136,Robotics,2025-05-18 09:17:00
1365,111,166,Embedded Systems,2025-05-04 15:39:00
1366,94,166,Embedded Systems,2025-05-01 10:18:00
1367,78,186,Embedded Systems,2025-05-15 11:32:00
1368,77,57,Robotics,2025-05-20 21:53:00
1369,18,184,Embedded Systems,2025-05-10 19:45:00
1370,97,100,Embedded Systems,2025-05-22 18:47:00
1371,93,93,Embedded Systems,2025-05-28 10:39:00
1372,22,54,Robotics,2025-05-22 15:08:00
1373,119,45,Biotechnology,2025-05-16 09:50:00
1374,59,107,Data Engineering,2025-05-08 11:35:00
1375,44,13,Biotechnology,2025-05-09 13:43:00
1376,99,41,Biotechnology,2025-05-02 20:04:00
1377,106,87,Data Engineering,2025-05-08 09:35:00
1378,56,58,Data Engineering,2025-05-26 13:49:00
1379,67,12,Data Engineering,2025-05-05 21:44:00
1380,25,132,Embedded Systems,2025-05-23 08:59:00
1381,117,113,Data Engineering,2025-05-25 09:06:00
1382,23,157,Data Engineering,2025-05-27 16:02:00
1383,107,130,Data Engineering,2025-05-04 21:13:00
1384,67,93,Embedded Systems,2025-05-23 15:48:00
1385,20,130,Data Engineering,2025-05-05 18:23:00
1386,16,86,Robotics,2025-05-07 15:26:00
1387,34,197,Biotechnology,2025-05-26 15:21:00
1388,21,74,Robotics,2025-05-09 13:45:00
1389,56,194,Robotics,2025-05-05 20:48:00
1390,51,136,Robotics,2025-05-05 20:27:00
1391,106,106,Biotechnology,2025-05-28 16:50:00
1392,6,175,Data Engineering,2025-05-15 10:49:00
1393,61,3,Data Engineering,2025-05-03 09:21:00
1394,37,81,Embedded Systems,2025-05-14 08:25:00
1395,35,195,Embedded Systems,2025-05-19 08:40:00
1396,103,183,Data Engineering,2025-05-10 14:25:00
1397,103,175,Data Engineering,2025-05-24 19:20:00
1398,48,89,Data Engineering,2025-05-17 17:58:00
1399,53,38,Embedded Systems,2025-05-07 16:39:00
1400,81,159,Embedded Systems,2025-05-26 20:41:00
1401,104,104,Robotics,2025-05-03 08:34:00
1402,28,86,Robotics,2025-05-17 16:18:00
1403,106,55,Biotechnology,2025-05-10 16:21:00
1404,7,194,Robotics,2025-05-01 20:34:00
1405,69,152,Robotics,2025-05-24 14:32:00
1406,98,29,Embedded Systems,2025-05-09 18:32:00
1407,28,91,Biotechnology,2025-05-15 12:36:00
1408,68,189,Biotechnology,2025-05-08 20:47:00
1409,107,149,Data Engineering,2025-05-22 16:54:00
1410,69,153,Robotics,2025-05-10 18:50:00
1411,29,184,Embedded Systems,2025-05-23 14:33:00
1412,65,189,Biotechnology,2025-05-17 17:12:00
1413,24,200,Embedded Systems,2025-05-05 19:27:00
1414,9,106,Biotechnology,2025-05-14 10:30:00
1415,76,55,Biotechnology,2025-05-22 16:25:00
1416,79,151,Biotechnology,2025-05-28 12:37:00
1417,88,128,Biotechnology,2025-05-23 15:46:00
1418,20,107,Data Engineering,2025-05-05 15:45:00
1419,118,118,Embedded Systems,2025-05-28 16:07:00
1420,111,178,Robotics,2025-05-02 19:10:00
1421,26,144,Data Engineering,2025-05-20 21:26:00
1422,67,29,Embedded Systems,2025-05-02 16:09:00
1423,82,31,Robotics,2025-05-10 12:31:00
1424,20,8,Biotechnology,2025-05-19 14:03:00
1425,30,79,Data Engineering,2025-05-27 19:31:00
1426,59,1,Data Engineering,2025-05-03 21:02:00
1427,52,107,Data Engineering,2025-05-19 15:57:00
1428,56,87,Data Engineering,2025-05-24 21:38:00
1429,60,34,Robotics,2025-05-15 20:28:00
1430,74,171,Robotics,2025-05-03 20:39:00
1431,85,171,Robotics,2025-05-08 14:21:00
1432,88,139,Biotechnology,2025-05-24 12:41:00
1433,83,23,Robotics,2025-05-19 18:50:00
1434,67,198,Data Engineering,2025-05-04 18:35:00
1435,105,22,Biotechnology,2025-05-19 20:03:00
1436,92,146,Biotechnology,2025-05-17 08:07:00
1437,26,169,Biotechnology,2025-05-01 12:50:00
1438,98,53,Embedded Systems,2025-05-03 20:34:00
1439,11,156,Embedded Systems,2025-05-16 21:59:00
1440,35,6,Data Engineering,2025-05-14 08:55:00
1441,57,136,Robotics,2025-05-03 09:06:00
1442,34,139,Biotechnology,2025-05-06 12:49:00
1443,90,23,Robotics,2025-05-22 10:03:00
1444,26,158,Robotics,2025-05-23 08:19:00
1445,31,100,Embedded Systems,2025-05-14 13:16:00
1446,107,97,Robotics,2025-05-02 11:15:00
1447,55,193,Robotics,2025-05-16 16:48:00
1448,25,130,Data Engineering,2025-05-09 08:20:00
1449,18,119,Robotics,2025-05-16 08:26:00
1450,7,163,Embedded Systems,2025-05-09 16:37:00
1451,28,173,Embedded Systems,2025-05-10 17:26:00
1452,108,115,Data Engineering,2025-05-17 11:50:00
1453,33,37,Data Engineering,2025-05-26 11:34:00
1454,67,109,Data Engineering,2025-05-02 08:52:00
1455,75,119,Robotics,2025-05-21 10:00:00
1456,57,16,Robotics,2025-05-20 12:53:00
1457,59,175,Data Engineering,2025-05-27 18:13:00
1458,37,150,Biotechnology,2025-05-06 19:34:00
1459,22,145,Robotics,2025-05-13 19:07:00
1460,120,36,Robotics,2025-05-14 11:39:00
1461,40,130,Data Engineering,2025-05-22 13:40:00
1462,83,67,Embedded Systems,2025-05-09 11:42:00
1463,90,83,Biotechnology,2025-05-20 13:01:00
1464,2,178,Robotics,2025-05-20 15:00:00
1465,49,3,Data Engineering,2025-05-23 19:31:00
1466,21,196,Robotics,2025-05-26 18:41:00
1467,88,20,Biotechnology,2025-05-22 09:22:00
1468,44,97,Robotics,2025-05-06 21:49:00
1469,17,179,Biotechnology,2025-05-12 11:28:00
1470,4,3,Data Engineering,2025-05-25 12:43:00
1471,22,182,Robotics,2025-05-27 17:40:00
1472,31,78,Embedded Systems,2025-05-16 13:02:00
1473,42,72,Embedded Systems,2025-05-01 11:52:00
1474,61,164,Embedded Systems,2025-05-19 16:31:00
1475,110,44,Biotechnology,2025-05-22 18:38:00
1476,28,145,Robotics,2025-05-24 09:08:00
1477,100,67,Embedded Systems,2025-05-17 19:50:00
1478,7,71,Robotics,2025-05-23 18:34:00
1479,103,158,Robotics,2025-05-01 14:41:00
1480,7,173,Embedded Systems,2025-05-11 14:54:00
1481,119,105,Robotics,2025-05-15 15:23:00
1482,104,133,Embedded Systems,2025-05-08 08:17:00
1483,71,108,Embedded Systems,2025-05-01 14:12:00
1484,8,86,Robotics,2025-05-24 11:44:00
1485,110,109,Data Engineering,2025-05-07 10:21:00
1486,107,80,Data Engineering,2025-05-04 08:30:00
1487,70,111,Embedded Systems,2025-05-21 13:53:00
1488,111,65,Embedded Systems,2025-05-08 13:53:00
1489,61,14,Data Engineering,2025-05-08 09:49:00
1490,20,154,Data Engineering,2025-05-21 15:37:00
1491,9,32,Biotechnology,2025-05-02 14:20:00
1492,28,178,Robotics,2025-05-02 20:28:00
1493,84,15,Biotechnology,2025-05-03 09:43:00
1494,59,15,Biotechnology,2025-05-28 14:25:00
1495,90,25,Robotics,2025-05-08 21:38:00
1496,90,169,Biotechnology,2025-05-13 15:50:00
1497,74,110,Biotechnology,2025-05-11 18:43:00
1498,75,7,Embedded Systems,2025-05-19 11:06:00
1499,18,27,Embedded Systems,2025-05-19 20:53:00
1500,17,50,Embedded Systems,2025-05-17 12:22:00
1501,98,108,Embedded Systems,2025-05-06 11:08:00
1502,52,12,Data Engineering,2025-05-19 14:32:00
1503,40,167,Embedded Systems,2025-05-18 20:09:00
1504,77,38,Embedded Systems,2025-05-10 13:00:00
1505,31,133,Embedded Systems,2025-05-02 11:32:00
1506,50,144,Data Engineering,2025-05-07 11:40:00
1507,42,52,Embedded Systems,2025-05-22 15:44:00
1508,71,178,Robotics,2025-05-11 21:37:00
1509,74,145,Robotics,2025-05-14 13:10:00
1510,11,27,Embedded Systems,2025-05-16 11:58:00
1511,119,1,Data Engineering,2025-05-08 15:39:00
1512,67,55,Biotechnology,2025-05-26 19:24:00
1513,2,53,Embedded Systems,2025-05-12 08:04:00
1514,25,92,Biotechnology,2025-05-05 12:28:00
1515,81,50,Embedded Systems,2025-05-02 08:12:00
1516,49,51,Robotics,2025-05-09 19:11:00
1517,34,87,Data Engineering,2025-05-07 08:11:00
1518,3,68,Embedded Systems,2025-05-22 10:24:00
1519,14,168,Robotics,2025-05-07 12:29:00
1520,82,62,Robotics,2025-05-22 10:33:00
1521,104,160,Robotics,2025-05-03 09:09:00
1522,28,34,Robotics,2025-05-13 19:23:00
1523,56,82,Embedded Systems,2025-05-02 20:39:00
1524,104,151,Biotechnology,2025-05-10 20:09:00
1525,107,84,Data Engineering,2025-05-26 12:55:00
1526,118,33,Embedded Systems,2025-05-16 11:46:00
1527,92,21,Biotechnology,2025-05-20 09:10:00
1528,100,131,Biotechnology,2025-05-12 15:33:00
1529,82,119,Robotics,2025-05-17 19:30:00
1530,56,184,Embedded Systems,2025-05-19 14:40:00
1531,43,150,Biotechnology,2025-05-08 11:28:00
1532,52,61,Data Engineering,2025-05-14 14:36:00
1533,46,41,Biotechnology,2025-05-18 09:08:00
1534,98,193,Robotics,2025-05-17 13:14:00
1535,100,150,Biotechnology,2025-05-20 13:27:00
1536,70,116,Data Engineering,2025-05-12 20:31:00
1537,8,82,Embedded Systems,2025-05-06 15:14:00
1538,80,68,Embedded Systems,2025-05-03 12:53:00
1539,21,129,Embedded Systems,2025-05-26 12:59:00
1540,20,59,Robotics,2025-05-12 08:34:00
1541,75,52,Embedded Systems,2025-05-09 12:47:00
1542,36,197,Biotechnology,2025-05-23 17:08:00
1543,65,193,Robotics,2025-05-09 08:49:00
1544,78,77,Robotics,2025-05-26 14:25:00
1545,2,149,Data Engineering,2025-05-21 16:48:00
1546,31,39,Data Engineering,2025-05-24 19:13:00
1547,104,122,Robotics,2025-05-24 21:29:00
1548,40,88,Data Engineering,2025-05-07 14:49:00
1549,88,179,Biotechnology,2025-05-15 21:35:00
1550,111,8,Biotechnology,2025-05-28 10:19:00
1551,72,189,Biotechnology,2025-05-11 11:26:00
1552,49,109,Data Engineering,2025-05-25 19:34:00
1553,7,77,Robotics,2025-05-19 20:02:00
1554,75,36,Robotics,2025-05-19 18:51:00
1555,68,155,Robotics,2025-05-13 14:13:00
1556,66,101,Data Engineering,2025-05-07 15:06:00
1557,77,85,Data Engineering,2025-05-21 12:05:00
1558,106,44,Biotechnology,2025-05-06 08:52:00
1559,8,177,Embedded Systems,2025-05-06 11:04:00
1560,46,99,Biotechnology,2025-05-10 18:33:00
1561,82,18,Robotics,2025-05-17 08:10:00
1562,49,84,Data Engineering,2025-05-06 09:08:00
1563,10,138,Biotechnology,2025-05-13 21:13:00
1564,40,34,Robotics,2025-05-27 19:42:00
1565,70,122,Robotics,2025-05-19 11:32:00
1566,37,184,Embedded Systems,2025-05-01 10:28:00
1567,72,17,Robotics,2025-05-08 16:21:00
1568,54,146,Biotechnology,2025-05-19 08:47:00
1569,103,24,Embedded Systems,2025-05-12 19:53:00
1570,47,183,Data Engineering,2025-05-27 20:54:00
1571,39,45,Biotechnology,2025-05-20 19:27:00
1572,39,118,Embedded Systems,2025-05-23 17:06:00
1573,6,101,Data Engineering,2025-05-28 10:17:00
1574,18,161,Robotics,2025-05-23 19:46:00
1575,49,56,Embedded Systems,2025-05-25 16:07:00
1576,23,95,Data Engineering,2025-05-17 20:49:00
1577,33,84,Data Engineering,2025-05-09 11:32:00
1578,15,12,Data Engineering,2025-05-21 19:43:00
1579,56,192,Data Engineering,2025-05-24 14:54:00
1580,6,50,Embedded Systems,2025-05-09 09:45:00
1581,79,35,Data Engineering,2025-05-16 15:04:00
1582,49,22,Biotechnology,2025-05-23 15:08:00
1583,98,121,Embedded Systems,2025-05-06 21:01:00
1584,67,156,Embedded Systems,2025-05-04 16:47:00
1585,116,101,Data Engineering,2025-05-25 08:43:00
1586,72,70,Biotechnology,2025-05-06 11:45:00
1587,63,9,Embedded Systems,2025-05-15 19:03:00
1588,77,163,Embedded Systems,2025-05-23 18:57:00
1589,70,27,Embedded Systems,2025-05-15 08:38:00
1590,83,2,Robotics,2025-05-25 11:59:00
1591,55,64,Robotics,2025-05-07 09:01:00
1592,6,108,Embedded Systems,2025-05-11 21:12:00
1593,31,175,Data Engineering,2025-05-04 20:53:00
1594,37,171,Robotics,2025-05-02 14:32:00
1595,41,28,Robotics,2025-05-21 11:39:00
1596,48,54,Robotics,2025-05-14 09:14:00
1597,65,55,Biotechnology,2025-05-06 08:25:00
1598,85,168,Robotics,2025-05-07 15:14:00
1599,37,17,Robotics,2025-05-20 13:02:00
1600,49,18,Robotics,2025-05-25 17:31:00
1601,92,27,Embedded Systems,2025-05-28 17:10:00
1602,71,65,Embedded Systems,2025-05-21 19:24:00
1603,90,174,Robotics,2025-05-05 13:11:00
1604,81,163,Embedded Systems,2025-05-28 18:30:00
1605,102,18,Robotics,2025-05-13 16:40:00
1606,100,190,Data Engineering,2025-05-23 08:14:00
1607,26,6,Data Engineering,2025-05-10 11:47:00
1608,75,110,Biotechnology,2025-05-02 10:23:00
1609,35,128,Biotechnology,2025-05-13 11:41:00
1610,98,10,Robotics,2025-05-24 13:08:00
1611,11,72,Embedded Systems,2025-05-17 20:26:00
1612,88,166,Embedded Systems,2025-05-08 21:46:00
1613,38,85,Data Engineering,2025-05-18 08:58:00
1614,93,171,Robotics,2025-05-23 19:14:00
1615,61,156,Embedded Systems,2025-05-06 15:40:00
1616,113,2,Robotics,2025-05-03 11:03:00
1617,112,163,Embedded Systems,2025-05-05 09:11:00
1618,42,152,Robotics,2025-05-08 16:05:00
1619,40,110,Biotechnology,2025-05-24 11:15:00
1620,44,109,Data Engineering,2025-05-10 12:36:00
1621,29,115,Data Engineering,2025-05-28 20:30:00
1622,44,21,Biotechnology,2025-05-13 10:30:00
1623,105,113,Data Engineering,2025-05-24 14:48:00
1624,92,40,Biotechnology,2025-05-01 20:24:00
1625,89,110,Biotechnology,2025-05-10 17:34:00
1626,39,40,Biotechnology,2025-05-09 14:29:00
1627,65,79,Data Engineering,2025-05-18 17:30:00
1628,92,19,Biotechnology,2025-05-07 10:58:00
1629,116,49,Robotics,2025-05-24 19:23:00
1630,71,126,Data Engineering,2025-05-13 19:23:00
1631,114,99,Biotechnology,2025-05-03 14:56:00
1632,17,10,Robotics,2025-05-19 10:12:00
1633,57,196,Robotics,2025-05-25 20:46:00
1634,82,90,Data Engineering,2025-05-21 19:23:00
1635,78,179,Biotechnology,2025-05-14 19:15:00
1636,81,63,Embedded Systems,2025-05-21 19:43:00
1637,77,8,Biotechnology,2025-05-09 17:29:00
1638,44,175,Data Engineering,2025-05-20 17:42:00
1639,22,42,Embedded Systems,2025-05-21 19:58:00
1640,114,99,Biotechnology,2025-05-03 16:58:00
1641,24,49,Robotics,2025-05-14 12:44:00
1642,83,78,Embedded Systems,2025-05-19 12:46:00
1643,111,106,Biotechnology,2025-05-28 09:06:00
1644,78,163,Embedded Systems,2025-05-27 10:17:00
1645,68,192,Data Engineering,2025-05-23 12:00:00
1646,1,44,Biotechnology,2025-05-03 20:44:00
1647,111,107,Data Engineering,2025-05-10 19:27:00
1648,40,44,Biotechnology,2025-05-23 10:12:00
1649,25,125,Biotechnology,2025-05-15 17:52:00
1650,9,55,Biotechnology,2025-05-24 10:51:00
1651,90,195,Embedded Systems,2025-05-15 18:58:00
1652,37,160,Robotics,2025-05-03 12:05:00
1653,18,97,Robotics,2025-05-11 08:37:00
1654,117,61,Data Engineering,2025-05-25 09:00:00
1655,2,16,Robotics,2025-05-22 17:50:00
1656,88,11,Data Engineering,2025-05-26 08:24:00
1657,59,155,Robotics,2025-05-16 15:48:00
1658,56,87,Data Engineering,2025-05-12 18:56:00
1659,94,88,Data Engineering,2025-05-12 18:25:00
1660,80,97,Robotics,2025-05-28 13:51:00
1661,88,26,Robotics,2025-05-24 21:56:00
1662,27,36,Robotics,2025-05-28 16:17:00
1663,34,180,Data Engineering,2025-05-15 17:43:00
1664,61,169,Biotechnology,2025-05-22 11:00:00
1665,94,164,Embedded Systems,2025-05-01 18:23:00
1666,87,12,Data Engineering,2025-05-22 15:14:00
1667,21,156,Embedded Systems,2025-05-12 14:59:00
1668,101,122,Robotics,2025-05-04 19:24:00
1669,30,76,Data Engineering,2025-05-28 16:56:00
1670,83,147,Embedded Systems,2025-05-02 10:31:00
1671,104,23,Robotics,2025-05-06 15:07:00
1672,33,124,Robotics,2025-05-07 10:48:00
1673,13,169,Biotechnology,2025-05-23 08:10:00
1674,90,84,Data Engineering,2025-05-08 19:16:00
1675,27,171,Robotics,2025-05-22 10:59:00
1676,82,137,Data Engineering,2025-05-03 20:44:00
1677,111,86,Robotics,2025-05-25 17:04:00
1678,83,165,Robotics,2025-05-21 18:50:00
1679,51,144,Data Engineering,2025-05-08 11:16:00
1680,26,30,Embedded Systems,2025-05-03 13:47:00
1681,87,152,Robotics,2025-05-04 17:23:00
1682,115,33,Embedded Systems,2025-05-19 19:00:00
1683,90,80,Data Engineering,2025-05-07 21:24:00
1684,61,109,Data Engineering,2025-05-26 18:59:00
1685,49,33,Embedded Systems,2025-05-04 14:00:00
1686,40,138,Biotechnology,2025-05-27 12:53:00
1687,103,57,Robotics,2025-05-05 17:18:00
1688,99,38,Embedded Systems,2025-05-27 19:02:00
1689,86,154,Data Engineering,2025-05-23 09:17:00
1690,46,181,Embedded Systems,2025-05-16 12:45:00
1691,75,97,Robotics,2025-05-05 21:45:00
1692,111,54,Robotics,2025-05-08 19:47:00
1693,91,14,Data Engineering,2025-05-28 15:46:00
1694,115,101,Data Engineering,2025-05-28 10:01:00
1695,93,141,Robotics,2025-05-22 15:22:00
1696,20,194,Robotics,2025-05-17 19:18:00
1697,28,73,Robotics,2025-05-28 16:25:00
1698,12,25,Robotics,2025-05-28 19:19:00
1699,68,118,Embedded Systems,2025-05-15 19:30:00
1700,29,75,Data Engineering,2025-05-26 19:12:00
1701,45,189,Biotechnology,2025-05-28 17:06:00
1702,101,174,Robotics,2025-05-13 14:43:00
1703,12,44,Biotechnology,2025-05-16 10:03:00
1704,77,31,Robotics,2025-05-19 14:09:00
1705,34,161,Robotics,2025-05-04 11:25:00
1706,103,126,Data Engineering,2025-05-06 18:47:00
1707,119,97,Robotics,2025-05-22 18:05:00
1708,83,200,Embedded Systems,2025-05-09 18:41:00
1709,27,114,Robotics,2025-05-04 09:07:00
1710,87,126,Data Engineering,2025-05-08 08:37:00
1711,56,147,Embedded Systems,2025-05-23 19:06:00
1712,112,152,Robotics,2025-05-21 19:27:00
1713,24,77,Robotics,2025-05-11 09:45:00
1714,4,138,Biotechnology,2025-05-13 16:52:00
1715,63,138,Biotechnology,2025-05-03 16:53:00
1716,28,150,Biotechnology,2025-05-25 20:13:00
1717,26,169,Biotechnology,2025-05-20 19:11:00
1718,71,2,Robotics,2025-05-04 08:08:00
1719,36,148,Embedded Systems,2025-05-03 16:16:00
1720,27,193,Robotics,2025-05-17 12:23:00
1721,2,140,Embedded Systems,2025-05-08 12:02:00
1722,38,133,Embedded Systems,2025-05-18 15:08:00
1723,71,148,Embedded Systems,2025-05-17 13:38:00
1724,16,138,Biotechnology,2025-05-22 21:02:00
1725,30,61,Data Engineering,2025-05-10 21:53:00
1726,71,56,Embedded Systems,2025-05-07 17:22:00
1727,93,72,Embedded Systems,2025-05-03 16:16:00
1728,36,67,Embedded Systems,2025-05-13 15:05:00
1729,112,66,Data Engineering,2025-05-05 16:13:00
1730,52,19,Biotechnology,2025-05-21 19:41:00
1731,67,50,Embedded Systems,2025-05-21 21:32:00
1732,35,155,Robotics,2025-05-11 20:27:00
1733,119,98,Biotechnology,2025-05-08 09:17:00
1734,106,32,Biotechnology,2025-05-14 09:21:00
1735,75,164,Embedded Systems,2025-05-25 12:09:00
1736,20,58,Data Engineering,2025-05-13 11:24:00
1737,17,27,Embedded Systems,2025-05-17 19:56:00
1738,82,79,Data Engineering,2025-05-04 16:22:00
1739,49,180,Data Engineering,2025-05-18 12:38:00
1740,25,26,Robotics,2025-05-25 14:11:00
1741,80,89,Data Engineering,2025-05-26 16:35:00
1742,49,153,Robotics,2025-05-19 10:16:00
1743,83,3,Data Engineering,2025-05-22 10:09:00
1744,59,97,Robotics,2025-05-02 19:40:00
1745,34,95,Data Engineering,2025-05-20 14:45:00
1746,80,118,Embedded Systems,2025-05-26 15:32:00
1747,93,74,Robotics,2025-05-17 19:56:00
1748,22,59,Robotics,2025-05-10 14:49:00
1749,76,81,Embedded Systems,2025-05-03 19:15:00
1750,14,24,Embedded Systems,2025-05-03 19:18:00
1751,94,142,Embedded Systems,2025-05-01 14:43:00
1752,19,131,Biotechnology,2025-05-16 16:43:00
1753,81,174,Robotics,2025-05-13 08:39:00
1754,88,49,Robotics,2025-05-23 14:44:00
1755,34,137,Data Engineering,2025-05-24 18:58:00
1756,6,136,Robotics,2025-05-15 10:43:00
1757,49,196,Robotics,2025-05-06 09:23:00
1758,9,35,Data Engineering,2025-05-14 15:24:00
1759,25,44,Biotechnology,2025-05-11 18:15:00
1760,101,139,Biotechnology,2025-05-10 12:30:00
1761,1,76,Data Engineering,2025-05-24 18:36:00
1762,52,101,Data Engineering,2025-05-21 16:52:00
1763,106,10,Robotics,2025-05-28 15:03:00
1764,90,92,Biotechnology,2025-05-11 12:22:00
1765,39,28,Robotics,2025-05-13 13:00:00
1766,41,26,Robotics,2025-05-03 16:32:00
1767,95,40,Biotechnology,2025-05-01 10:49:00
1768,92,169,Biotechnology,2025-05-13 13:19:00
1769,40,94,Biotechnology,2025-05-18 20:17:00
1770,78,28,Robotics,2025-05-15 10:08:00
1771,2,91,Biotechnology,2025-05-28 19:12:00
1772,11,29,Embedded Systems,2025-05-05 14:26:00
1773,9,191,Robotics,2025-05-06 18:12:00
1774,119,123,Data Engineering,2025-05-04 14:31:00
1775,28,141,Robotics,2025-05-11 20:48:00
1776,59,200,Embedded Systems,2025-05-24 21:52:00
1777,25,100,Embedded Systems,2025-05-26 08:08:00
1778,3,40,Biotechnology,2025-05-25 18:15:00
1779,42,14,Data Engineering,2025-05-20 19:00:00
1780,49,112,Data Engineering,2025-05-16 09:48:00
1781,35,110,Biotechnology,2025-05-24 16:11:00
1782,26,64,Robotics,2025-05-28 12:44:00
1783,51,64,Robotics,2025-05-16 19:50:00
1784,59,27,Embedded Systems,2025-05-06 11:54:00
1785,35,152,Robotics,2025-05-08 09:08:00
1786,36,103,Data Engineering,2025-05-05 14:01:00
1787,12,158,Robotics,2025-05-13 14:33:00
1788,118,79,Data Engineering,2025-05-08 13:27:00
1789,73,123,Data Engineering,2025-05-21 08:19:00
1790,61,29,Embedded Systems,2025-05-12 19:26:00
1791,12,64,Robotics,2025-05-06 08:00:00
1792,41,14,Data Engineering,2025-05-10 15:17:00
1793,39,156,Embedded Systems,2025-05-09 15:23:00
1794,24,86,Robotics,2025-05-22 08:43:00
1795,18,142,Embedded Systems,2025-05-12 19:51:00
1796,70,93,Embedded Systems,2025-05-20 13:15:00
1797,85,167,Embedded Systems,2025-05-03 09:08:00
1798,16,162,Biotechnology,2025-05-19 18:52:00
1799,102,49,Robotics,2025-05-04 09:34:00
1800,111,159,Embedded Systems,2025-05-25 11:34:00
1801,28,185,Robotics,2025-05-07 14:35:00
1802,94,183,Data Engineering,2025-05-12 13:28:00
1803,109,162,Biotechnology,2025-05-03 15:26:00
1804,59,135,Embedded Systems,2025-05-01 10:38:00
1805,18,71,Robotics,2025-05-02 17:03:00
1806,87,178,Robotics,2025-05-16 18:34:00
1807,24,132,Embedded Systems,2025-05-25 16:24:00
1808,49,144,Data Engineering,2025-05-09 11:11:00
1809,39,1,Data Engineering,2025-05-19 19:00:00
1810,58,132,Embedded Systems,2025-05-10 21:14:00
1811,66,76,Data Engineering,2025-05-06 11:02:00
1812,8,137,Data Engineering,2025-05-21 10:56:00
1813,36,72,Embedded Systems,2025-05-26 08:41:00
1814,29,64,Robotics,2025-05-04 08:41:00
1815,63,89,Data Engineering,2025-05-11 09:45:00
1816,29,141,Robotics,2025-05-14 17:18:00
1817,75,84,Data Engineering,2025-05-01 21:22:00
1818,37,57,Robotics,2025-05-09 08:34:00
1819,91,169,Biotechnology,2025-05-25 17:06:00
1820,46,185,Robotics,2025-05-21 12:55:00
1821,42,161,Robotics,2025-05-27 15:14:00
1822,98,84,Data Engineering,2025-05-21 20:54:00
1823,102,193,Robotics,2025-05-08 19:46:00
1824,81,112,Data Engineering,2025-05-03 15:11:00
1825,38,118,Embedded Systems,2025-05-07 17:31:00
1826,65,187,Embedded Systems,2025-05-01 12:10:00
1827,81,46,Data Engineering,2025-05-07 09:09:00
1828,90,19,Biotechnology,2025-05-21 14:06:00
1829,6,186,Embedded Systems,2025-05-20 09:24:00
1830,3,99,Biotechnology,2025-05-25 21:41:00
1831,18,12,Data Engineering,2025-05-09 10:40:00
1832,2,154,Data Engineering,2025-05-26 09:34:00
1833,100,189,Biotechnology,2025-05-03 11:08:00
1834,106,123,Data Engineering,2025-05-27 10:19:00
1835,44,85,Data Engineering,2025-05-02 16:44:00
1836,26,69,Data Engineering,2025-05-01 21:02:00
1837,25,27,Embedded Systems,2025-05-17 21:26:00
1838,40,37,Data Engineering,2025-05-01 11:27:00
1839,54,99,Biotechnology,2025-05-08 18:24:00
1840,95,176,Data Engineering,2025-05-04 15:10:00
1841,65,29,Embedded Systems,2025-05-12 09:39:00
1842,21,86,Robotics,2025-05-02 17:09:00
1843,55,46,Data Engineering,2025-05-20 10:43:00
1844,116,109,Data Engineering,2025-05-22 12:39:00
1845,25,74,Robotics,2025-05-09 15:42:00
1846,94,95,Data Engineering,2025-05-23 20:04:00
1847,118,1,Data Engineering,2025-05-25 18:09:00
1848,102,82,Embedded Systems,2025-05-24 20:50:00
1849,14,123,Data Engineering,2025-05-14 19:17:00
1850,28,38,Embedded Systems,2025-05-06 20:24:00
1851,83,91,Biotechnology,2025-05-16 19:26:00
1852,41,155,Robotics,2025-05-26 18:58:00
1853,115,63,Embedded Systems,2025-05-18 16:31:00
1854,41,137,Data Engineering,2025-05-13 09:37:00
1855,49,184,Embedded Systems,2025-05-23 09:15:00
1856,7,93,Embedded Systems,2025-05-12 16:30:00
1857,7,35,Data Engineering,2025-05-12 13:54:00
1858,38,200,Embedded Systems,2025-05-05 21:54:00
1859,109,142,Embedded Systems,2025-05-08 11:52:00
1860,29,58,Data Engineering,2025-05-04 19:45:00
1861,6,37,Data Engineering,2025-05-23 14:23:00
1862,79,14,Data Engineering,2025-05-03 15:53:00
1863,4,153,Robotics,2025-05-12 10:05:00
1864,92,63,Embedded Systems,2025-05-05 20:11:00
1865,88,121,Embedded Systems,2025-05-23 12:30:00
1866,52,106,Biotechnology,2025-05-21 19:00:00
1867,14,74,Robotics,2025-05-21 08:38:00
1868,36,193,Robotics,2025-05-01 14:53:00
1869,103,109,Data Engineering,2025-05-18 19:53:00
1870,59,67,Embedded Systems,2025-05-23 11:27:00
1871,15,41,Biotechnology,2025-05-17 14:08:00
1872,14,191,Robotics,2025-05-08 14:11:00
1873,72,191,Robotics,2025-05-03 21:44:00
1874,111,120,Data Engineering,2025-05-21 14:52:00
1875,76,98,Biotechnology,2025-05-21 14:12:00
1876,12,70,Biotechnology,2025-05-12 17:49:00
1877,65,86,Robotics,2025-05-06 16:06:00
1878,6,17,Robotics,2025-05-25 12:12:00
1879,9,142,Embedded Systems,2025-05-08 12:05:00
1880,110,146,Biotechnology,2025-05-26 15:02:00
1881,62,13,Biotechnology,2025-05-01 13:48:00
1882,59,73,Robotics,2025-05-11 20:25:00
1883,28,186,Embedded Systems,2025-05-23 18:06:00
1884,86,85,Data Engineering,2025-05-04 16:51:00
1885,100,199,Data Engineering,2025-05-26 14:30:00
1886,6,151,Biotechnology,2025-05-06 10:43:00
1887,22,119,Robotics,2025-05-23 11:56:00
1888,78,56,Embedded Systems,2025-05-25 19:10:00
1889,119,129,Embedded Systems,2025-05-25 13:28:00
1890,81,34,Robotics,2025-05-20 21:27:00
1891,90,11,Data Engineering,2025-05-13 11:13:00
1892,31,157,Data Engineering,2025-05-19 18:31:00
1893,20,25,Robotics,2025-05-28 12:35:00
1894,103,23,Robotics,2025-05-11 10:59:00
1895,48,76,Data Engineering,2025-05-19 13:22:00
1896,103,23,Robotics,2025-05-09 15:16:00
1897,77,196,Robotics,2025-05-05 09:36:00
1898,54,125,Biotechnology,2025-05-13 14:54:00
1899,18,159,Embedded Systems,2025-05-12 16:54:00
1900,46,160,Robotics,2025-05-22 14:32:00
1901,118,116,Data Engineering,2025-05-02 17:41:00
1902,34,15,Biotechnology,2025-05-27 16:00:00
1903,38,40,Biotechnology,2025-05-06 17:25:00
1904,91,19,Biotechnology,2025-05-22 09:22:00
1905,90,120,Data Engineering,2025-05-27 15:06:00
1906,17,22,Biotechnology,2025-05-13 20:27:00
1907,18,52,Embedded Systems,2025-05-11 13:38:00
1908,92,125,Biotechnology,2025-05-04 12:29:00
1909,111,10,Robotics,2025-05-05 18:13:00
1910,83,82,Embedded Systems,2025-05-02 20:23:00
1911,29,111,Embedded Systems,2025-05-07 21:01:00
1912,36,195,Embedded Systems,2025-05-21 10:05:00
1913,69,37,Data Engineering,2025-05-03 12:55:00
1914,71,183,Data Engineering,2025-05-17 11:42:00
1915,12,67,Embedded Systems,2025-05-03 14:21:00
1916,41,193,Robotics,2025-05-12 14:30:00
1917,36,122,Robotics,2025-05-23 14:22:00
1918,6,178,Robotics,2025-05-18 20:57:00
1919,31,153,Robotics,2025-05-11 18:52:00
1920,87,188,Embedded Systems,2025-05-11 08:09:00
1921,59,118,Embedded Systems,2025-05-11 09:50:00
1922,119,173,Embedded Systems,2025-05-24 08:28:00
1923,24,33,Embedded Systems,2025-05-02 11:47:00
1924,37,49,Robotics,2025-05-20 14:13:00
1925,36,90,Data Engineering,2025-05-22 17:00:00
1926,2,95,Data Engineering,2025-05-10 16:52:00
1927,77,32,Biotechnology,2025-05-15 14:26:00
1928,105,91,Biotechnology,2025-05-14 16:48:00
1929,38,86,Robotics,2025-05-15 14:23:00
1930,32,46,Data Engineering,2025-05-18 14:24:00
1931,81,73,Robotics,2025-05-14 18:18:00
1932,20,180,Data Engineering,2025-05-03 20:53:00
1933,7,27,Embedded Systems,2025-05-20 14:06:00
1934,75,128,Biotechnology,2025-05-18 09:40:00
1935,9,114,Robotics,2025-05-22 12:54:00
1936,103,108,Embedded Systems,2025-05-18 14:07:00
1937,114,51,Robotics,2025-05-12 20:58:00
1938,87,119,Robotics,2025-05-01 13:50:00
1939,47,58,Data Engineering,2025-05-22 12:19:00
1940,1,107,Data Engineering,2025-05-14 08:00:00
1941,82,7,Embedded Systems,2025-05-27 21:33:00
1942,55,190,Data Engineering,2025-05-06 17:27:00
1943,87,62,Robotics,2025-05-07 17:41:00
1944,93,101,Data Engineering,2025-05-19 14:08:00
1945,38,163,Embedded Systems,2025-05-13 13:33:00
1946,16,41,Biotechnology,2025-05-23 20:08:00
1947,97,130,Data Engineering,2025-05-26 14:53:00
1948,58,196,Robotics,2025-05-27 16:10:00
1949,15,83,Biotechnology,2025-05-01 14:00:00
1950,21,161,Robotics,2025-05-20 19:34:00
1951,5,21,Biotechnology,2025-05-24 19:08:00
1952,80,117,Robotics,2025-05-06 11:41:00
1953,56,57,Robotics,2025-05-24 20:51:00
1954,78,97,Robotics,2025-05-09 09:59:00
1955,108,37,Data Engineering,2025-05-19 21:06:00
1956,27,29,Embedded Systems,2025-05-04 10:18:00
1957,12,68,Embedded Systems,2025-05-16 21:23:00
1958,113,54,Robotics,2025-05-26 08:26:00
1959,12,19,Biotechnology,2025-05-07 18:26:00
1960,76,97,Robotics,2025-05-15 20:10:00
1961,34,47,Data Engineering,2025-05-22 17:40:00
1962,15,156,Embedded Systems,2025-05-11 13:30:00
1963,2,158,Robotics,2025-05-06 16:47:00
1964,28,66,Data Engineering,2025-05-01 16:01:00
1965,35,133,Embedded Systems,2025-05-07 21:23:00
1966,4,30,Embedded Systems,2025-05-05 11:05:00
1967,17,187,Embedded Systems,2025-05-09 15:12:00
1968,67,24,Embedded Systems,2025-05-15 19:51:00
1969,80,127,Biotechnology,2025-05-07 12:11:00
1970,105,51,Robotics,2025-05-09 14:06:00
1971,70,150,Biotechnology,2025-05-06 20:13:00
1972,102,185,Robotics,2025-05-14 17:47:00
1973,75,70,Biotechnology,2025-05-20 14:27:00
1974,82,52,Embedded Systems,2025-05-21 21:04:00
1975,7,116,Data Engineering,2025-05-17 12:37:00
1976,80,105,Robotics,2025-05-13 08:07:00
1977,51,47,Data Engineering,2025-05-06 13:15:00
1978,76,19,Biotechnology,2025-05-12 10:49:00
1979,71,81,Embedded Systems,2025-05-23 08:45:00
1980,96,85,Data Engineering,2025-05-26 13:57:00
1981,66,60,Data Engineering,2025-05-10 17:13:00
1982,61,135,Embedded Systems,2025-05-23 17:56:00
1983,92,172,Embedded Systems,2025-05-22 20:27:00
1984,28,82,Embedded Systems,2025-05-02 20:31:00
1985,53,128,Biotechnology,2025-05-14 09:07:00
1986,54,116,Data Engineering,2025-05-19 14:15:00
1987,7,148,Embedded Systems,2025-05-21 20:54:00
1988,109,148,Embedded Systems,2025-05-10 10:53:00
1989,11,104,Robotics,2025-05-11 18:01:00
1990,92,18,Robotics,2025-05-24 12:17:00
1991,49,82,Embedded Systems,2025-05-18 20:20:00
1992,79,127,Biotechnology,2025-05-10 19:29:00
1993,117,127,Biotechnology,2025-05-04 21:23:00
1994,49,159,Embedded Systems,2025-05-02 21:00:00
1995,74,36,Robotics,2025-05-28 19:46:00
1996,19,112,Data Engineering,2025-05-07 19:57:00
1997,65,95,Data Engineering,2025-05-01 19:55:00
1998,8,14,Data Engineering,2025-05-04 08:19:00
1999,120,20,Biotechnology,2025-05-26 20:24:00
2000,111,70,Biotechnology,2025-05-19 15:07:00
2001,31,33,Embedded Systems,2025-05-25 17:56:00
2002,28,106,Biotechnology,2025-05-17 16:15:00
2003,113,148,Embedded Systems,2025-05-09 13:49:00
2004,22,188,Embedded Systems,2025-05-09 20:18:00
2005,94,183,Data Engineering,2025-05-27 21:15:00
2006,43,169,Biotechnology,2025-05-23 09:04:00
2007,3,127,Biotechnology,2025-05-22 11:29:00
2008,17,99,Biotechnology,2025-05-11 11:52:00
2009,61,152,Robotics,2025-05-11 20:19:00
2010,35,182,Robotics,2025-05-28 16:06:00
2011,81,34,Robotics,2025-05-13 15:55:00
2012,88,159,Embedded Systems,2025-05-07 09:17:00
2013,52,109,Data Engineering,2025-05-28 17:41:00
2014,25,27,Embedded Systems,2025-05-24 09:15:00
2015,27,5,Data Engineering,2025-05-01 15:42:00
2016,58,136,Robotics,2025-05-04 16:05:00
2017,35,91,Biotechnology,2025-05-13 16:27:00
2018,88,131,Biotechnology,2025-05-09 13:06:00
2019,83,13,Biotechnology,2025-05-07 12:12:00
2020,61,104,Robotics,2025-05-17 17:31:00
2021,12,133,Embedded Systems,2025-05-21 11:07:00
2022,9,57,Robotics,2025-05-19 12:15:00
2023,61,17,Robotics,2025-05-08 17:44:00
2024,87,184,Embedded Systems,2025-05-04 11:46:00
2025,42,178,Robotics,2025-05-06 20:13:00
2026,103,89,Data Engineering,2025-05-10 19:00:00
2027,112,25,Robotics,2025-05-24 12:54:00
2028,71,177,Embedded Systems,2025-05-22 09:10:00
2029,90,48,Biotechnology,2025-05-05 08:42:00
2030,7,122,Robotics,2025-05-06 12:56:00
2031,3,20,Biotechnology,2025-05-20 13:30:00
2032,49,150,Biotechnology,2025-05-16 09:02:00
2033,50,5,Data Engineering,2025-05-27 11:33:00
2034,31,129,Embedded Systems,2025-05-25 09:06:00
2035,42,78,Embedded Systems,2025-05-16 19:22:00
2036,113,140,Embedded Systems,2025-05-09 13:29:00
2037,39,4,Embedded Systems,2025-05-11 16:49:00
2038,107,170,Robotics,2025-05-20 15:07:00
2039,85,70,Biotechnology,2025-05-01 10:26:00
2040,20,57,Robotics,2025-05-16 08:15:00
2041,118,148,Embedded Systems,2025-05-12 11:47:00
2042,83,23,Robotics,2025-05-21 09:17:00
2043,107,161,Robotics,2025-05-15 16:11:00
2044,43,68,Embedded Systems,2025-05-11 14:37:00
2045,37,107,Data Engineering,2025-05-07 08:37:00
2046,98,134,Robotics,2025-05-04 14:50:00
2047,78,117,Robotics,2025-05-10 09:00:00
2048,20,128,Biotechnology,2025-05-22 10:33:00
2049,116,75,Data Engineering,2025-05-06 12:31:00
2050,67,74,Robotics,2025-05-01 15:02:00
2051,27,56,Embedded Systems,2025-05-02 15:19:00
2052,2,2,Robotics,2025-05-02 12:08:00
2053,92,90,Data Engineering,2025-05-17 18:49:00
2054,19,144,Data Engineering,2025-05-23 12:09:00
2055,21,188,Embedded Systems,2025-05-10 11:02:00
2056,34,122,Robotics,2025-05-22 18:24:00
2057,20,109,Data Engineering,2025-05-09 12:38:00
2058,74,80,Data Engineering,2025-05-22 13:51:00
2059,37,149,Data Engineering,2025-05-09 10:26:00
2060,70,142,Embedded Systems,2025-05-03 12:36:00
2061,39,161,Robotics,2025-05-13 20:56:00
2062,89,112,Data Engineering,2025-05-15 19:20:00
2063,83,129,Embedded Systems,2025-05-15 13:27:00
2064,70,120,Data Engineering,2025-05-15 08:58:00
2065,71,144,Data Engineering,2025-05-03 20:08:00
2066,92,158,Robotics,2025-05-19 16:23:00
2067,67,33,Embedded Systems,2025-05-02 20:54:00
2068,116,101,Data Engineering,2025-05-01 15:51:00
2069,54,196,Robotics,2025-05-02 09:03:00
2070,77,70,Biotechnology,2025-05-11 17:06:00
2071,119,75,Data Engineering,2025-05-11 21:03:00
2072,80,32,Biotechnology,2025-05-24 19:03:00
2073,30,180,Data Engineering,2025-05-18 19:31:00
2074,117,35,Data Engineering,2025-05-21 21:09:00
2075,2,78,Embedded Systems,2025-05-26 15:39:00
2076,18,177,Embedded Systems,2025-05-01 10:38:00
2077,56,31,Robotics,2025-05-07 09:30:00
2078,52,7,Embedded Systems,2025-05-02 09:19:00
2079,39,104,Robotics,2025-05-27 11:53:00
2080,98,140,Embedded Systems,2025-05-28 18:39:00
2081,4,32,Biotechnology,2025-05-06 10:52:00
2082,25,191,Robotics,2025-05-24 19:34:00
2083,67,52,Embedded Systems,2025-05-10 18:06:00
2084,53,151,Biotechnology,2025-05-13 14:44:00
2085,93,28,Robotics,2025-05-05 08:18:00
2086,85,118,Embedded Systems,2025-05-01 17:19:00
2087,98,9,Embedded Systems,2025-05-02 13:08:00
2088,54,120,Data Engineering,2025-05-01 10:22:00
2089,59,129,Embedded Systems,2025-05-12 19:33:00
2090,38,100,Embedded Systems,2025-05-21 10:22:00
2091,42,168,Robotics,2025-05-23 21:50:00
2092,69,36,Robotics,2025-05-13 09:58:00
2093,111,166,Embedded Systems,2025-05-20 18:11:00
2094,60,148,Embedded Systems,2025-05-22 16:16:00
2095,70,34,Robotics,2025-05-19 13:37:00
2096,8,159,Embedded Systems,2025-05-01 21:46:00
2097,17,41,Biotechnology,2025-05-16 18:30:00
2098,119,83,Biotechnology,2025-05-26 19:50:00
2099,34,61,Data Engineering,2025-05-24 14:48:00
2100,8,108,Embedded Systems,2025-05-09 09:02:00
2101,63,192,Data Engineering,2025-05-20 18:53:00
2102,40,8,Biotechnology,2025-05-23 15:24:00
2103,68,35,Data Engineering,2025-05-07 11:16:00
2104,49,126,Data Engineering,2025-05-08 11:47:00
2105,40,42,Embedded Systems,2025-05-03 17:01:00
2106,12,162,Biotechnology,2025-05-02 20:08:00
2107,90,2,Robotics,2025-05-19 16:55:00
2108,103,19,Biotechnology,2025-05-16 11:53:00
2109,111,54,Robotics,2025-05-17 13:22:00
2110,100,159,Embedded Systems,2025-05-26 09:28:00
2111,12,110,Biotechnology,2025-05-19 09:08:00
2112,27,133,Embedded Systems,2025-05-16 11:03:00
2113,4,154,Data Engineering,2025-05-08 21:18:00
2114,80,65,Embedded Systems,2025-05-03 21:55:00
2115,9,41,Biotechnology,2025-05-19 11:54:00
2116,59,133,Embedded Systems,2025-05-13 17:03:00
2117,14,140,Embedded Systems,2025-05-16 12:41:00
2118,82,8,Biotechnology,2025-05-09 11:21:00
2119,42,196,Robotics,2025-05-18 21:46:00
2120,79,85,Data Engineering,2025-05-02 11:31:00
2121,67,19,Biotechnology,2025-05-20 19:53:00
2122,43,196,Robotics,2025-05-03 14:38:00
2123,18,190,Data Engineering,2025-05-18 15:08:00
2124,13,70,Biotechnology,2025-05-16 16:14:00
2125,112,167,Embedded Systems,2025-05-10 20:54:00
2126,14,59,Robotics,2025-05-01 20:50:00
2127,83,51,Robotics,2025-05-22 18:47:00
2128,9,5,Data Engineering,2025-05-13 20:24:00
2129,83,179,Biotechnology,2025-05-18 10:07:00
2130,105,113,Data Engineering,2025-05-12 13:12:00
2131,10,88,Data Engineering,2025-05-08 11:05:00
2132,81,151,Biotechnology,2025-05-24 20:56:00
2133,3,138,Biotechnology,2025-05-28 19:15:00
2134,29,15,Biotechnology,2025-05-15 10:18:00
2135,104,12,Data Engineering,2025-05-21 11:18:00
2136,112,34,Robotics,2025-05-22 09:42:00
2137,105,20,Biotechnology,2025-05-07 15:45:00
2138,106,189,Biotechnology,2025-05-28 11:28:00
2139,61,183,Data Engineering,2025-05-25 16:18:00
2140,59,168,Robotics,2025-05-11 19:34:00
2141,78,129,Embedded Systems,2025-05-14 19:39:00
2142,43,125,Biotechnology,2025-05-05 21:33:00
2143,93,60,Data Engineering,2025-05-07 09:23:00
2144,20,186,Embedded Systems,2025-05-08 19:28:00
2145,115,167,Embedded Systems,2025-05-01 15:53:00
2146,85,9,Embedded Systems,2025-05-10 21:05:00
2147,85,16,Robotics,2025-05-16 08:55:00
2148,7,98,Biotechnology,2025-05-08 11:24:00
2149,63,48,Biotechnology,2025-05-22 12:02:00
2150,112,139,Biotechnology,2025-05-20 20:57:00
2151,108,87,Data Engineering,2025-05-26 20:37:00
2152,42,56,Embedded Systems,2025-05-27 17:27:00
2153,111,110,Biotechnology,2025-05-25 08:51:00
2154,65,28,Robotics,2025-05-28 16:29:00
2155,96,109,Data Engineering,2025-05-25 16:16:00
2156,55,42,Embedded Systems,2025-05-08 10:58:00
2157,61,4,Embedded Systems,2025-05-03 11:49:00
2158,111,139,Biotechnology,2025-05-13 08:39:00
2159,57,71,Robotics,2025-05-26 18:51:00
2160,26,198,Data Engineering,2025-05-10 17:42:00
2161,99,83,Biotechnology,2025-05-15 15:01:00
2162,7,113,Data Engineering,2025-05-12 15:40:00
2163,9,143,Biotechnology,2025-05-19 09:17:00
2164,12,157,Data Engineering,2025-05-15 10:16:00
2165,35,197,Biotechnology,2025-05-16 10:14:00
2166,8,162,Biotechnology,2025-05-08 09:41:00
2167,116,10,Robotics,2025-05-28 15:37:00
2168,51,82,Embedded Systems,2025-05-02 19:16:00
2169,60,66,Data Engineering,2025-05-18 19:02:00
2170,23,154,Data Engineering,2025-05-03 16:28:00
2171,55,29,Embedded Systems,2025-05-07 13:36:00
2172,80,96,Data Engineering,2025-05-03 18:27:00
2173,74,73,Robotics,2025-05-20 20:23:00
2174,106,86,Robotics,2025-05-12 15:18:00
2175,82,160,Robotics,2025-05-02 12:59:00
2176,4,39,Data Engineering,2025-05-20 11:51:00
2177,118,81,Embedded Systems,2025-05-26 17:45:00
2178,46,89,Data Engineering,2025-05-19 08:42:00
2179,21,186,Embedded Systems,2025-05-03 11:36:00
2180,76,129,Embedded Systems,2025-05-24 14:34:00
2181,12,188,Embedded Systems,2025-05-20 15:42:00
2182,71,135,Embedded Systems,2025-05-09 11:53:00
2183,56,148,Embedded Systems,2025-05-11 11:51:00
2184,31,197,Biotechnology,2025-05-11 19:07:00
2185,90,178,Robotics,2025-05-12 09:22:00
2186,61,144,Data Engineering,2025-05-21 15:38:00
2187,92,59,Robotics,2025-05-08 17:52:00
2188,34,33,Embedded Systems,2025-05-14 18:37:00
2189,58,171,Robotics,2025-05-26 12:21:00
2190,90,81,Embedded Systems,2025-05-14 16:09:00
2191,41,148,Embedded Systems,2025-05-06 15:00:00
2192,58,43,Robotics,2025-05-25 16:45:00
2193,17,121,Embedded Systems,2025-05-02 21:27:00
2194,119,7,Embedded Systems,2025-05-05 16:55:00
2195,108,136,Robotics,2025-05-12 10:25:00
2196,59,179,Biotechnology,2025-05-04 13:57:00
2197,105,87,Data Engineering,2025-05-04 19:02:00
2198,44,19,Biotechnology,2025-05-15 14:40:00
2199,51,116,Data Engineering,2025-05-25 15:44:00
2200,84,35,Data Engineering,2025-05-19 21:59:00
2201,1,131,Biotechnology,2025-05-19 17:23:00
2202,83,173,Embedded Systems,2025-05-11 15:11:00
2203,37,131,Biotechnology,2025-05-25 09:14:00
2204,12,77,Robotics,2025-05-19 16:57:00
2205,93,135,Embedded Systems,2025-05-10 13:24:00
2206,115,82,Embedded Systems,2025-05-02 21:47:00
2207,119,188,Embedded Systems,2025-05-09 17:56:00
2208,78,158,Robotics,2025-05-10 10:07:00
2209,98,74,Robotics,2025-05-08 10:18:00
2210,88,67,Embedded Systems,2025-05-08 18:17:00
2211,93,37,Data Engineering,2025-05-27 16:48:00
2212,7,44,Biotechnology,2025-05-18 16:51:00
2213,8,50,Embedded Systems,2025-05-12 11:18:00
2214,98,147,Embedded Systems,2025-05-17 10:53:00
2215,26,117,Robotics,2025-05-23 19:58:00
2216,94,31,Robotics,2025-05-16 12:05:00
2217,86,36,Robotics,2025-05-04 13:51:00
2218,31,21,Biotechnology,2025-05-03 13:10:00
2219,78,130,Data Engineering,2025-05-21 19:32:00
2220,83,173,Embedded Systems,2025-05-11 08:27:00
2221,93,26,Robotics,2025-05-11 11:53:00
2222,103,143,Biotechnology,2025-05-02 18:40:00
2223,100,3,Data Engineering,2025-05-13 21:14:00
2224,111,173,Embedded Systems,2025-05-05 15:52:00
2225,37,48,Biotechnology,2025-05-07 18:56:00
2226,101,23,Robotics,2025-05-24 11:00:00
2227,94,112,Data Engineering,2025-05-20 11:45:00
2228,119,46,Data Engineering,2025-05-09 17:24:00
2229,70,162,Biotechnology,2025-05-16 16:42:00
2230,98,47,Data Engineering,2025-05-10 18:31:00
2231,48,126,Data Engineering,2025-05-12 16:30:00
2232,25,76,Data Engineering,2025-05-25 20:18:00
2233,41,108,Embedded Systems,2025-05-22 14:07:00
2234,53,46,Data Engineering,2025-05-22 09:22:00
2235,29,179,Biotechnology,2025-05-25 15:53:00
2236,118,126,Data Engineering,2025-05-08 08:18:00
2237,70,69,Data Engineering,2025-05-02 16:49:00
2238,64,83,Biotechnology,2025-05-14 14:51:00
2239,58,114,Robotics,2025-05-02 12:31:00
2240,11,187,Embedded Systems,2025-05-10 15:26:00
2241,37,57,Robotics,2025-05-18 11:49:00
2242,75,161,Robotics,2025-05-05 17:34:00
2243,3,6,Data Engineering,2025-05-13 09:49:00
2244,80,181,Embedded Systems,2025-05-25 20:35:00
2245,61,17,Robotics,2025-05-12 16:12:00
2246,48,41,Biotechnology,2025-05-23 11:18:00
2247,41,42,Embedded Systems,2025-05-07 16:46:00
2248,5,64,Robotics,2025-05-01 20:33:00
2249,113,27,Embedded Systems,2025-05-02 10:18:00
2250,56,78,Embedded Systems,2025-05-02 12:47:00
2251,46,32,Biotechnology,2025-05-13 10:52:00
2252,102,190,Data Engineering,2025-05-03 09:32:00
2253,86,185,Robotics,2025-05-01 08:47:00
2254,35,139,Biotechnology,2025-05-04 19:37:00
2255,104,101,Data Engineering,2025-05-28 12:50:00
2256,4,83,Biotechnology,2025-05-10 12:29:00
2257,111,52,Embedded Systems,2025-05-13 12:27:00
2258,90,24,Embedded Systems,2025-05-18 12:30:00
2259,64,73,Robotics,2025-05-08 14:01:00
2260,114,128,Biotechnology,2025-05-25 16:45:00
2261,8,28,Robotics,2025-05-13 20:14:00
2262,96,115,Data Engineering,2025-05-04 18:19:00
2263,21,86,Robotics,2025-05-04 16:10:00
2264,58,54,Robotics,2025-05-08 09:09:00
2265,111,104,Robotics,2025-05-17 19:53:00
2266,7,146,Biotechnology,2025-05-16 12:26:00
2267,98,80,Data Engineering,2025-05-02 13:44:00
2268,2,145,Robotics,2025-05-09 19:13:00
2269,113,194,Robotics,2025-05-18 15:20:00
2270,104,167,Embedded Systems,2025-05-23 15:32:00
2271,120,143,Biotechnology,2025-05-03 09:27:00
2272,28,180,Data Engineering,2025-05-25 08:10:00
2273,24,134,Robotics,2025-05-15 21:07:00
2274,59,10,Robotics,2025-05-21 20:33:00
2275,106,125,Biotechnology,2025-05-14 14:00:00
2276,50,76,Data Engineering,2025-05-24 18:17:00
2277,82,134,Robotics,2025-05-19 18:10:00
2278,118,37,Data Engineering,2025-05-07 20:39:00
2279,104,183,Data Engineering,2025-05-09 15:29:00
2280,111,54,Robotics,2025-05-24 21:59:00
2281,80,35,Data Engineering,2025-05-01 13:26:00
2282,12,46,Data Engineering,2025-05-01 12:44:00
2283,24,49,Robotics,2025-05-18 15:21:00
2284,104,25,Robotics,2025-05-20 10:04:00
2285,40,90,Data Engineering,2025-05-12 18:00:00
2286,93,50,Embedded Systems,2025-05-19 19:19:00
2287,69,95,Data Engineering,2025-05-09 16:34:00
2288,9,165,Robotics,2025-05-05 09:46:00
2289,58,56,Embedded Systems,2025-05-19 09:08:00
2290,85,134,Robotics,2025-05-11 17:49:00
2291,111,152,Robotics,2025-05-07 10:00:00
2292,11,60,Data Engineering,2025-05-26 17:09:00
2293,1,37,Data Engineering,2025-05-11 09:57:00
2294,76,14,Data Engineering,2025-05-14 18:30:00
2295,26,84,Data Engineering,2025-05-08 16:25:00
2296,83,97,Robotics,2025-05-12 12:53:00
2297,21,134,Robotics,2025-05-20 21:13:00
2298,98,43,Robotics,2025-05-23 10:53:00
2299,82,112,Data Engineering,2025-05-23 20:16:00
2300,74,176,Data Engineering,2025-05-21 13:11:00
2301,100,7,Embedded Systems,2025-05-25 18:22:00
2302,40,187,Embedded Systems,2025-05-13 13:11:00
2303,28,192,Data Engineering,2025-05-12 16:12:00
2304,75,2,Robotics,2025-05-04 13:58:00
2305,6,65,Embedded Systems,2025-05-20 12:02:00
2306,112,166,Embedded Systems,2025-05-13 08:44:00
2307,14,181,Embedded Systems,2025-05-19 21:01:00
2308,120,184,Embedded Systems,2025-05-21 15:31:00
2309,105,45,Biotechnology,2025-05-26 09:02:00
2310,31,95,Data Engineering,2025-05-23 19:11:00
2311,27,34,Robotics,2025-05-02 15:40:00
2312,24,182,Robotics,2025-05-28 16:17:00
2313,87,50,Embedded Systems,2025-05-11 21:43:00
2314,25,82,Embedded Systems,2025-05-19 19:23:00
2315,88,133,Embedded Systems,2025-05-14 21:42:00
2316,40,172,Embedded Systems,2025-05-27 20:32:00
2317,10,38,Embedded Systems,2025-05-15 08:17:00
2318,116,156,Embedded Systems,2025-05-14 10:40:00
2319,112,192,Data Engineering,2025-05-10 12:35:00
2320,79,90,Data Engineering,2025-05-19 21:44:00
2321,104,23,Robotics,2025-05-03 09:58:00
2322,22,24,Embedded Systems,2025-05-06 13:37:00
2323,90,161,Robotics,2025-05-26 08:13:00
2324,21,164,Embedded Systems,2025-05-24 11:19:00
2325,36,175,Data Engineering,2025-05-24 20:47:00
2326,83,34,Robotics,2025-05-23 12:11:00
2327,71,72,Embedded Systems,2025-05-14 11:53:00
2328,41,49,Robotics,2025-05-06 12:16:00
2329,15,179,Biotechnology,2025-05-16 13:37:00
2330,101,94,Biotechnology,2025-05-15 21:40:00
2331,6,176,Data Engineering,2025-05-27 17:24:00
2332,43,40,Biotechnology,2025-05-23 14:22:00
2333,93,166,Embedded Systems,2025-05-07 13:44:00
2334,59,129,Embedded Systems,2025-05-03 16:49:00
2335,104,54,Robotics,2025-05-09 08:59:00
2336,39,30,Embedded Systems,2025-05-16 10:29:00
2337,110,151,Biotechnology,2025-05-13 18:37:00
2338,25,9,Embedded Systems,2025-05-21 13:55:00
2339,80,3,Data Engineering,2025-05-11 13:41:00
2340,80,26,Robotics,2025-05-10 10:29:00
2341,7,140,Embedded Systems,2025-05-15 20:39:00
2342,94,117,Robotics,2025-05-24 14:30:00
2343,82,63,Embedded Systems,2025-05-20 13:30:00
2344,11,174,Robotics,2025-05-08 20:59:00
2345,73,130,Data Engineering,2025-05-25 12:36:00
2346,32,103,Data Engineering,2025-05-17 10:59:00
2347,117,77,Robotics,2025-05-17 11:36:00
2348,75,193,Robotics,2025-05-26 08:05:00
2349,20,80,Data Engineering,2025-05-12 15:25:00
2350,31,43,Robotics,2025-05-07 10:19:00
2351,43,79,Data Engineering,2025-05-28 11:27:00
2352,22,24,Embedded Systems,2025-05-18 21:49:00
2353,32,96,Data Engineering,2025-05-12 09:30:00
2354,82,141,Robotics,2025-05-16 18:24:00
2355,90,119,Robotics,2025-05-04 14:08:00
2356,19,82,Embedded Systems,2025-05-25 13:57:00
2357,86,73,Robotics,2025-05-14 17:25:00
2358,82,137,Data Engineering,2025-05-22 19:37:00
2359,38,7,Embedded Systems,2025-05-25 11:23:00
2360,2,93,Embedded Systems,2025-05-20 17:48:00
2361,77,102,Data Engineering,2025-05-05 15:12:00
2362,74,12,Data Engineering,2025-05-03 13:24:00
2363,35,168,Robotics,2025-05-10 12:24:00
2364,5,173,Embedded Systems,2025-05-14 10:10:00
2365,98,102,Data Engineering,2025-05-15 20:05:00
2366,13,89,Data Engineering,2025-05-28 14:51:00
2367,28,4,Embedded Systems,2025-05-19 16:24:00
2368,82,176,Data Engineering,2025-05-21 18:25:00
2369,39,109,Data Engineering,2025-05-09 19:40:00
2370,102,30,Embedded Systems,2025-05-17 13:49:00
2371,98,122,Robotics,2025-05-12 09:50:00
2372,63,46,Data Engineering,2025-05-13 21:43:00
2373,68,21,Biotechnology,2025-05-23 17:16:00
2374,103,51,Robotics,2025-05-14 08:29:00
2375,113,73,Robotics,2025-05-15 13:03:00
2376,35,154,Data Engineering,2025-05-11 18:18:00
2377,65,197,Biotechnology,2025-05-06 12:22:00
2378,54,107,Data Engineering,2025-05-10 18:02:00
2379,9,153,Robotics,2025-05-18 19:25:00
2380,24,64,Robotics,2025-05-05 19:09:00
2381,61,163,Embedded Systems,2025-05-12 15:44:00
2382,103,159,Embedded Systems,2025-05-02 09:20:00
2383,104,96,Data Engineering,2025-05-24 18:51:00
2384,21,26,Robotics,2025-05-11 18:47:00
2385,7,78,Embedded Systems,2025-05-06 19:16:00
2386,104,185,Robotics,2025-05-27 14:07:00
2387,69,50,Embedded Systems,2025-05-20 16:34:00
2388,7,63,Embedded Systems,2025-05-19 15:13:00
2389,36,195,Embedded Systems,2025-05-23 20:11:00
2390,11,71,Robotics,2025-05-20 14:58:00
2391,36,47,Data Engineering,2025-05-14 11:01:00
2392,36,107,Data Engineering,2025-05-15 17:50:00
2393,49,163,Embedded Systems,2025-05-08 08:45:00
2394,105,84,Data Engineering,2025-05-10 19:45:00
2395,70,156,Embedded Systems,2025-05-21 17:21:00
2396,109,139,Biotechnology,2025-05-01 13:21:00
2397,98,82,Embedded Systems,2025-05-05 15:54:00
2398,37,191,Robotics,2025-05-22 14:16:00
2399,21,104,Robotics,2025-05-21 15:35:00
2400,89,89,Data Engineering,2025-05-12 12:18:00
2401,104,193,Robotics,2025-05-01 10:39:00
2402,72,150,Biotechnology,2025-05-19 14:26:00
2403,65,196,Robotics,2025-05-18 19:31:00
2404,90,61,Data Engineering,2025-05-05 14:38:00
2405,44,32,Biotechnology,2025-05-07 09:36:00
2406,32,75,Data Engineering,2025-05-25 20:47:00
2407,60,103,Data Engineering,2025-05-25 11:26:00
2408,61,154,Data Engineering,2025-05-21 09:42:00
2409,90,176,Data Engineering,2025-05-11 16:34:00
2410,69,137,Data Engineering,2025-05-16 20:29:00
2411,53,74,Robotics,2025-05-28 10:25:00
2412,75,74,Robotics,2025-05-25 15:41:00
2413,12,45,Biotechnology,2025-05-19 18:26:00
2414,8,108,Embedded Systems,2025-05-20 11:08:00
2415,18,157,Data Engineering,2025-05-20 17:46:00
2416,41,105,Robotics,2025-05-08 10:36:00
2417,22,161,Robotics,2025-05-12 08:47:00
2418,78,154,Data Engineering,2025-05-18 16:55:00
2419,23,50,Embedded Systems,2025-05-12 19:55:00
2420,41,62,Robotics,2025-05-11 10:18:00
2421,29,17,Robotics,2025-05-15 15:15:00
2422,43,176,Data Engineering,2025-05-26 10:29:00
2423,75,129,Embedded Systems,2025-05-28 10:15:00
2424,9,119,Robotics,2025-05-24 08:43:00
2425,119,174,Robotics,2025-05-16 21:24:00
2426,115,19,Biotechnology,2025-05-23 16:07:00
2427,77,184,Embedded Systems,2025-05-18 19:01:00
2428,10,113,Data Engineering,2025-05-10 20:25:00
2429,45,186,Embedded Systems,2025-05-23 16:40:00
2430,27,167,Embedded Systems,2025-05-04 10:54:00
2431,69,68,Embedded Systems,2025-05-26 09:46:00
2432,68,44,Biotechnology,2025-05-05 11:50:00
2433,24,124,Robotics,2025-05-11 18:44:00
2434,95,19,Biotechnology,2025-05-25 11:48:00
2435,98,67,Embedded Systems,2025-05-11 20:28:00
2436,48,180,Data Engineering,2025-05-20 08:48:00
2437,65,36,Robotics,2025-05-01 11:56:00
2438,50,95,Data Engineering,2025-05-10 19:10:00
2439,92,146,Biotechnology,2025-05-23 15:43:00
2440,119,76,Data Engineering,2025-05-05 10:38:00
2441,35,75,Data Engineering,2025-05-08 08:54:00
2442,34,55,Biotechnology,2025-05-19 08:16:00
2443,87,94,Biotechnology,2025-05-17 14:30:00
2444,118,159,Embedded Systems,2025-05-21 10:37:00
2445,82,129,Embedded Systems,2025-05-13 21:59:00
2446,103,125,Biotechnology,2025-05-16 10:30:00
2447,10,98,Biotechnology,2025-05-11 11:19:00
2448,61,53,Embedded Systems,2025-05-20 20:46:00
2449,80,31,Robotics,2025-05-16 15:36:00
2450,98,164,Embedded Systems,2025-05-28 21:50:00
2451,87,135,Embedded Systems,2025-05-12 18:02:00
2452,55,103,Data Engineering,2025-05-17 09:17:00
2453,98,142,Embedded Systems,2025-05-18 21:05:00
2454,101,15,Biotechnology,2025-05-08 11:16:00
2455,111,190,Data Engineering,2025-05-28 11:14:00
2456,25,177,Embedded Systems,2025-05-20 12:35:00
2457,40,72,Embedded Systems,2025-05-24 21:58:00
2458,18,17,Robotics,2025-05-10 08:13:00
2459,112,59,Robotics,2025-05-15 09:34:00
2460,108,14,Data Engineering,2025-05-03 11:30:00
2461,111,30,Embedded Systems,2025-05-07 09:34:00
2462,95,151,Biotechnology,2025-05-10 17:00:00
2463,25,149,Data Engineering,2025-05-24 15:49:00
2464,103,165,Robotics,2025-05-01 12:48:00
2465,115,105,Robotics,2025-05-21 10:21:00
2466,49,130,Data Engineering,2025-05-21 12:16:00
2467,48,137,Data Engineering,2025-05-22 16:32:00
2468,25,80,Data Engineering,2025-05-25 10:31:00
2469,118,2,Robotics,2025-05-16 15:10:00
2470,74,46,Data Engineering,2025-05-22 12:06:00
2471,39,114,Robotics,2025-05-07 20:06:00
2472,70,196,Robotics,2025-05-17 12:20:00
2473,17,197,Biotechnology,2025-05-22 12:59:00
2474,117,157,Data Engineering,2025-05-05 13:10:00
2475,92,50,Embedded Systems,2025-05-28 10:39:00
2476,119,170,Robotics,2025-05-16 18:38:00
2477,36,107,Data Engineering,2025-05-09 15:59:00
2478,70,78,Embedded Systems,2025-05-11 19:22:00
2479,70,191,Robotics,2025-05-14 17:25:00
2480,88,196,Robotics,2025-05-02 14:22:00
2481,118,166,Embedded Systems,2025-05-25 12:01:00
2482,57,181,Embedded Systems,2025-05-10 21:23:00
2483,83,7,Embedded Systems,2025-05-11 16:35:00
2484,39,190,Data Engineering,2025-05-20 16:28:00
2485,56,71,Robotics,2025-05-06 13:46:00
2486,70,123,Data Engineering,2025-05-02 20:42:00
2487,109,100,Embedded Systems,2025-05-16 11:17:00
2488,14,156,Embedded Systems,2025-05-04 08:40:00
2489,63,88,Data Engineering,2025-05-15 12:07:00
2490,20,121,Embedded Systems,2025-05-11 20:46:00
2491,103,106,Biotechnology,2025-05-19 12:36:00
2492,98,52,Embedded Systems,2025-05-08 13:36:00
2493,35,140,Embedded Systems,2025-05-17 21:18:00
2494,18,177,Embedded Systems,2025-05-28 20:44:00
2495,115,183,Data Engineering,2025-05-12 20:28:00
2496,26,192,Data Engineering,2025-05-15 11:29:00
2497,58,93,Embedded Systems,2025-05-09 17:47:00
2498,110,6,Data Engineering,2025-05-14 14:25:00
2499,97,125,Biotechnology,2025-05-02 16:23:00
2500,7,5,Data Engineering,2025-05-17 21:51:00
2501,59,84,Data Engineering,2025-05-19 13:40:00
2502,68,18,Robotics,2025-05-18 20:07:00
2503,87,137,Data Engineering,2025-05-28 21:05:00
2504,73,147,Embedded Systems,2025-05-07 20:04:00
2505,94,197,Biotechnology,2025-05-15 15:56:00
2506,55,190,Data Engineering,2025-05-03 10:41:00
2507,94,148,Embedded Systems,2025-05-01 14:36:00
2508,66,76,Data Engineering,2025-05-01 08:14:00
2509,51,83,Biotechnology,2025-05-28 11:37:00
2510,63,173,Embedded Systems,2025-05-21 18:12:00
2511,111,198,Data Engineering,2025-05-23 21:36:00
2512,34,40,Biotechnology,2025-05-07 12:11:00
2513,11,26,Robotics,2025-05-25 10:34:00
2514,41,90,Data Engineering,2025-05-11 11:42:00
2515,36,54,Robotics,2025-05-14 12:14:00
2516,4,56,Embedded Systems,2025-05-15 09:53:00
2517,42,97,Robotics,2025-05-13 08:28:00
2518,38,113,Data Engineering,2025-05-25 14:37:00
2519,39,32,Biotechnology,2025-05-17 17:46:00
2520,42,133,Embedded Systems,2025-05-04 15:47:00
2521,71,155,Robotics,2025-05-14 11:13:00
2522,44,24,Embedded Systems,2025-05-09 16:07:00
2523,83,117,Robotics,2025-05-26 14:25:00
2524,70,26,Robotics,2025-05-27 09:27:00
2525,21,167,Embedded Systems,2025-05-21 18:51:00
2526,2,100,Embedded Systems,2025-05-09 19:41:00
2527,49,83,Biotechnology,2025-05-06 17:00:00
2528,29,33,Embedded Systems,2025-05-23 15:48:00
2529,42,10,Robotics,2025-05-28 19:42:00
2530,71,76,Data Engineering,2025-05-27 10:26:00
2531,101,45,Biotechnology,2025-05-05 19:51:00
2532,26,172,Embedded Systems,2025-05-26 10:01:00
2533,80,128,Biotechnology,2025-05-21 13:58:00
2534,8,68,Embedded Systems,2025-05-26 08:21:00
2535,5,8,Biotechnology,2025-05-28 10:58:00
2536,83,105,Robotics,2025-05-25 17:46:00
2537,24,135,Embedded Systems,2025-05-01 13:57:00
2538,12,58,Data Engineering,2025-05-04 15:29:00
2539,64,107,Data Engineering,2025-05-05 21:38:00
2540,111,164,Embedded Systems,2025-05-16 12:08:00
2541,45,83,Biotechnology,2025-05-20 18:45:00
2542,41,25,Robotics,2025-05-05 11:32:00
2543,20,34,Robotics,2025-05-22 09:47:00
2544,37,25,Robotics,2025-05-20 09:15:00
2545,115,58,Data Engineering,2025-05-10 13:45:00
2546,61,119,Robotics,2025-05-19 12:48:00
2547,82,34,Robotics,2025-05-22 10:37:00
2548,5,189,Biotechnology,2025-05-26 14:40:00
2549,118,13,Biotechnology,2025-05-01 10:40:00
2550,33,9,Embedded Systems,2025-05-13 13:00:00
2551,78,147,Embedded Systems,2025-05-07 18:55:00
2552,46,148,Embedded Systems,2025-05-15 17:16:00
2553,61,140,Embedded Systems,2025-05-21 20:32:00
2554,35,87,Data Engineering,2025-05-09 13:51:00
2555,54,125,Biotechnology,2025-05-04 18:54:00
2556,36,88,Data Engineering,2025-05-26 13:27:00
2557,28,165,Robotics,2025-05-04 11:29:00
2558,67,29,Embedded Systems,2025-05-05 21:22:00
2559,93,79,Data Engineering,2025-05-03 21:32:00
2560,87,47,Data Engineering,2025-05-07 10:53:00
2561,4,175,Data Engineering,2025-05-07 19:47:00
2562,35,91,Biotechnology,2025-05-19 21:33:00
2563,81,135,Embedded Systems,2025-05-18 11:44:00
2564,36,136,Robotics,2025-05-04 18:10:00
2565,49,163,Embedded Systems,2025-05-27 20:45:00
2566,105,39,Data Engineering,2025-05-14 21:12:00
2567,88,72,Embedded Systems,2025-05-10 14:57:00
2568,106,134,Robotics,2025-05-15 13:08:00
2569,1,185,Robotics,2025-05-09 19:35:00
2570,18,172,Embedded Systems,2025-05-02 20:26:00
2571,36,36,Robotics,2025-05-25 20:15:00
2572,77,101,Data Engineering,2025-05-13 17:12:00
2573,9,64,Robotics,2025-05-09 10:57:00
2574,98,103,Data Engineering,2025-05-22 10:13:00
2575,61,114,Robotics,2025-05-25 13:00:00
2576,70,164,Embedded Systems,2025-05-17 09:49:00
2577,51,161,Robotics,2025-05-22 15:19:00
2578,120,32,Biotechnology,2025-05-15 10:04:00
2579,42,194,Robotics,2025-05-09 08:24:00
2580,79,66,Data Engineering,2025-05-14 17:10:00
2581,93,182,Robotics,2025-05-25 12:14:00
2582,81,134,Robotics,2025-05-08 21:54:00
2583,94,171,Robotics,2025-05-14 08:40:00
2584,37,27,Embedded Systems,2025-05-24 19:17:00
2585,75,65,Embedded Systems,2025-05-14 18:53:00
2586,10,65,Embedded Systems,2025-05-04 19:51:00
2587,98,125,Biotechnology,2025-05-08 17:27:00
2588,113,171,Robotics,2025-05-18 17:53:00
2589,119,145,Robotics,2025-05-28 18:24:00
2590,100,11,Data Engineering,2025-05-27 20:41:00
2591,27,26,Robotics,2025-05-25 11:23:00
2592,108,149,Data Engineering,2025-05-14 21:25:00
2593,43,184,Embedded Systems,2025-05-26 15:54:00
2594,119,118,Embedded Systems,2025-05-02 14:52:00
2595,51,161,Robotics,2025-05-01 11:36:00
2596,55,47,Data Engineering,2025-05-04 12:58:00
2597,85,106,Biotechnology,2025-05-28 12:22:00
2598,44,175,Data Engineering,2025-05-09 15:50:00
2599,51,13,Biotechnology,2025-05-25 20:10:00
2600,74,54,Robotics,2025-05-24 14:48:00
2601,25,90,Data Engineering,2025-05-16 21:05:00
2602,51,86,Robotics,2025-05-11 21:19:00
2603,11,26,Robotics,2025-05-13 13:39:00
2604,77,128,Biotechnology,2025-05-07 12:54:00
2605,77,182,Robotics,2025-05-26 15:57:00
2606,116,93,Embedded Systems,2025-05-11 08:07:00
2607,116,49,Robotics,2025-05-23 18:35:00
2608,65,76,Data Engineering,2025-05-13 17:44:00
2609,15,20,Biotechnology,2025-05-23 17:58:00
2610,58,170,Robotics,2025-05-05 19:21:00
2611,29,137,Data Engineering,2025-05-13 09:54:00
2612,105,189,Biotechnology,2025-05-10 17:36:00
2613,45,22,Biotechnology,2025-05-15 21:02:00
2614,61,63,Embedded Systems,2025-05-01 15:14:00
2615,34,178,Robotics,2025-05-08 15:41:00
2616,67,56,Embedded Systems,2025-05-08 08:54:00
2617,76,157,Data Engineering,2025-05-14 16:35:00
2618,40,146,Biotechnology,2025-05-28 16:37:00
2619,66,103,Data Engineering,2025-05-24 12:45:00
2620,36,94,Biotechnology,2025-05-12 13:57:00
2621,60,61,Data Engineering,2025-05-03 19:08:00
2622,119,83,Biotechnology,2025-05-08 20:34:00
2623,86,149,Data Engineering,2025-05-23 15:34:00
2624,51,81,Embedded Systems,2025-05-24 13:45:00
2625,93,180,Data Engineering,2025-05-27 11:29:00
2626,9,69,Data Engineering,2025-05-15 17:28:00
2627,10,128,Biotechnology,2025-05-06 08:35:00
2628,10,115,Data Engineering,2025-05-12 15:55:00
2629,80,181,Embedded Systems,2025-05-03 19:17:00
2630,5,146,Biotechnology,2025-05-23 17:31:00
2631,112,111,Embedded Systems,2025-05-13 11:42:00
2632,120,116,Data Engineering,2025-05-22 12:21:00
2633,87,60,Data Engineering,2025-05-14 10:49:00
2634,70,139,Biotechnology,2025-05-28 08:39:00
2635,44,14,Data Engineering,2025-05-04 20:04:00
2636,90,158,Robotics,2025-05-24 10:46:00
2637,38,50,Embedded Systems,2025-05-27 10:01:00
2638,85,167,Embedded Systems,2025-05-11 09:06:00
2639,85,104,Robotics,2025-05-26 14:24:00
2640,68,179,Biotechnology,2025-05-06 09:19:00
2641,84,91,Biotechnology,2025-05-09 15:05:00
2642,42,48,Biotechnology,2025-05-08 13:41:00
2643,102,163,Embedded Systems,2025-05-25 09:33:00
2644,104,66,Data Engineering,2025-05-02 16:03:00
2645,33,175,Data Engineering,2025-05-01 16:00:00
2646,70,2,Robotics,2025-05-01 20:57:00
2647,10,146,Biotechnology,2025-05-06 11:40:00
2648,46,159,Embedded Systems,2025-05-12 09:55:00
2649,71,175,Data Engineering,2025-05-19 10:57:00
2650,104,113,Data Engineering,2025-05-06 16:09:00
2651,9,114,Robotics,2025-05-18 20:07:00
2652,13,80,Data Engineering,2025-05-22 10:37:00
2653,24,133,Embedded Systems,2025-05-16 11:38:00
2654,110,40,Biotechnology,2025-05-15 18:35:00
2655,113,100,Embedded Systems,2025-05-22 16:04:00
2656,30,87,Data Engineering,2025-05-08 21:31:00
2657,6,49,Robotics,2025-05-02 15:51:00
2658,98,169,Biotechnology,2025-05-04 21:33:00
2659,40,24,Embedded Systems,2025-05-17 17:36:00
2660,68,180,Data Engineering,2025-05-25 16:41:00
2661,29,52,Embedded Systems,2025-05-15 20:12:00
2662,51,75,Data Engineering,2025-05-14 14:05:00
2663,23,126,Data Engineering,2025-05-11 16:30:00
2664,83,157,Data Engineering,2025-05-26 20:18:00
2665,7,198,Data Engineering,2025-05-27 08:12:00
2666,38,23,Robotics,2025-05-21 13:47:00
2667,8,13,Biotechnology,2025-05-10 14:12:00
2668,7,91,Biotechnology,2025-05-27 18:55:00
2669,62,112,Data Engineering,2025-05-06 16:23:00
2670,109,175,Data Engineering,2025-05-04 15:11:00
2671,9,57,Robotics,2025-05-07 15:13:00
2672,6,147,Embedded Systems,2025-05-02 14:13:00
2673,67,177,Embedded Systems,2025-05-01 11:42:00
2674,119,85,Data Engineering,2025-05-27 11:23:00
2675,30,103,Data Engineering,2025-05-20 11:39:00
2676,93,172,Embedded Systems,2025-05-22 17:45:00
2677,59,161,Robotics,2025-05-14 19:00:00
2678,46,107,Data Engineering,2025-05-27 11:52:00
2679,6,200,Embedded Systems,2025-05-21 19:25:00
2680,53,11,Data Engineering,2025-05-22 19:14:00
2681,25,19,Biotechnology,2025-05-06 20:31:00
2682,74,18,Robotics,2025-05-06 19:16:00
2683,81,175,Data Engineering,2025-05-10 16:18:00
2684,36,73,Robotics,2025-05-25 09:25:00
2685,67,52,Embedded Systems,2025-05-16 11:08:00
2686,55,133,Embedded Systems,2025-05-04 09:14:00
2687,27,10,Robotics,2025-05-25 19:51:00
2688,82,18,Robotics,2025-05-15 19:09:00
2689,11,114,Robotics,2025-05-22 16:49:00
2690,85,49,Robotics,2025-05-02 17:00:00
2691,50,40,Biotechnology,2025-05-06 13:29:00
2692,7,52,Embedded Systems,2025-05-13 10:18:00
2693,35,130,Data Engineering,2025-05-21 11:21:00
2694,4,169,Biotechnology,2025-05-15 09:53:00
2695,65,63,Embedded Systems,2025-05-18 10:09:00
2696,7,141,Robotics,2025-05-22 09:26:00
2697,37,133,Embedded Systems,2025-05-24 13:23:00
2698,25,10,Robotics,2025-05-22 11:00:00
2699,9,98,Biotechnology,2025-05-27 14:49:00
2700,45,146,Biotechnology,2025-05-25 18:02:00
2701,7,145,Robotics,2025-05-21 21:58:00
2702,77,122,Robotics,2025-05-10 18:39:00
2703,55,100,Embedded Systems,2025-05-22 15:39:00
2704,103,65,Embedded Systems,2025-05-16 10:29:00
2705,31,138,Biotechnology,2025-05-10 18:46:00
2706,47,45,Biotechnology,2025-05-09 10:23:00
2707,51,190,Data Engineering,2025-05-05 08:29:00
2708,65,106,Biotechnology,2025-05-08 14:08:00
2709,88,161,Robotics,2025-05-14 14:29:00
2710,85,188,Embedded Systems,2025-05-15 13:21:00
2711,18,84,Data Engineering,2025-05-17 11:15:00
2712,68,56,Embedded Systems,2025-05-28 19:42:00
2713,104,159,Embedded Systems,2025-05-18 21:48:00
2714,70,105,Robotics,2025-05-07 14:09:00
2715,102,121,Embedded Systems,2025-05-10 21:49:00
2716,41,160,Robotics,2025-05-07 13:35:00
2717,112,41,Biotechnology,2025-05-14 10:28:00
2718,46,7,Embedded Systems,2025-05-22 10:17:00
2719,90,191,Robotics,2025-05-21 14:36:00
2720,71,51,Robotics,2025-05-15 11:55:00
2721,82,190,Data Engineering,2025-05-11 17:59:00
2722,9,196,Robotics,2025-05-22 09:50:00
2723,6,17,Robotics,2025-05-28 21:03:00
2724,40,85,Data Engineering,2025-05-12 11:47:00
2725,39,39,Data Engineering,2025-05-03 13:39:00
2726,102,81,Embedded Systems,2025-05-16 13:45:00
2727,16,45,Biotechnology,2025-05-26 16:10:00
2728,26,39,Data Engineering,2025-05-18 17:26:00
2729,92,41,Biotechnology,2025-05-23 12:44:00
2730,79,64,Robotics,2025-05-05 15:06:00
2731,83,194,Robotics,2025-05-16 14:30:00
2732,70,44,Biotechnology,2025-05-27 13:59:00
2733,35,113,Data Engineering,2025-05-15 08:31:00
2734,77,172,Embedded Systems,2025-05-03 13:04:00
2735,51,46,Data Engineering,2025-05-22 14:58:00
2736,116,39,Data Engineering,2025-05-07 18:20:00
2737,114,75,Data Engineering,2025-05-03 13:38:00
2738,114,127,Biotechnology,2025-05-14 10:23:00
2739,61,65,Embedded Systems,2025-05-17 08:31:00
2740,7,82,Embedded Systems,2025-05-08 19:19:00
2741,94,68,Embedded Systems,2025-05-11 08:17:00
2742,78,192,Data Engineering,2025-05-22 09:21:00
2743,6,142,Embedded Systems,2025-05-24 17:01:00
2744,111,78,Embedded Systems,2025-05-13 14:02:00
2745,81,178,Robotics,2025-05-11 13:51:00
2746,92,132,Embedded Systems,2025-05-14 19:21:00
2747,83,34,Robotics,2025-05-18 11:31:00
2748,102,73,Robotics,2025-05-22 09:51:00
2749,101,171,Robotics,2025-05-04 08:51:00
2750,13,33,Embedded Systems,2025-05-03 10:23:00
2751,55,17,Robotics,2025-05-25 09:55:00
2752,3,20,Biotechnology,2025-05-24 20:21:00
2753,103,159,Embedded Systems,2025-05-21 21:21:00
2754,27,171,Robotics,2025-05-02 19:08:00
2755,111,52,Embedded Systems,2025-05-06 09:45:00
2756,51,24,Embedded Systems,2025-05-07 08:45:00
2757,103,21,Biotechnology,2025-05-07 15:52:00
2758,59,51,Robotics,2025-05-23 10:30:00
2759,70,74,Robotics,2025-05-28 08:28:00
2760,13,48,Biotechnology,2025-05-06 11:16:00
2761,68,37,Data Engineering,2025-05-07 19:07:00
2762,27,180,Data Engineering,2025-05-28 13:48:00
2763,67,59,Robotics,2025-05-20 14:32:00
2764,93,164,Embedded Systems,2025-05-09 21:22:00
2765,1,189,Biotechnology,2025-05-21 18:16:00
2766,8,73,Robotics,2025-05-03 15:22:00
2767,94,188,Embedded Systems,2025-05-03 18:48:00
2768,22,184,Embedded Systems,2025-05-11 17:49:00
2769,72,93,Embedded Systems,2025-05-03 17:16:00
2770,53,187,Embedded Systems,2025-05-24 20:30:00
2771,82,95,Data Engineering,2025-05-11 16:47:00
2772,37,49,Robotics,2025-05-02 19:22:00
2773,104,105,Robotics,2025-05-11 20:54:00
2774,104,104,Robotics,2025-05-15 10:09:00
2775,50,189,Biotechnology,2025-05-01 21:08:00
2776,35,82,Embedded Systems,2025-05-13 13:00:00
2777,78,112,Data Engineering,2025-05-06 10:37:00
2778,4,48,Biotechnology,2025-05-13 15:09:00
2779,4,70,Biotechnology,2025-05-16 14:10:00
2780,100,78,Embedded Systems,2025-05-09 11:12:00
2781,98,125,Biotechnology,2025-05-14 14:54:00
2782,9,41,Biotechnology,2025-05-12 09:04:00
2783,72,83,Biotechnology,2025-05-05 11:33:00
2784,50,127,Biotechnology,2025-05-01 12:40:00
2785,62,41,Biotechnology,2025-05-22 17:27:00
2786,28,157,Data Engineering,2025-05-17 12:21:00
2787,28,186,Embedded Systems,2025-05-12 17:30:00
2788,82,17,Robotics,2025-05-14 11:13:00
2789,109,84,Data Engineering,2025-05-11 18:58:00
2790,67,122,Robotics,2025-05-19 20:21:00
2791,29,179,Biotechnology,2025-05-11 20:40:00
2792,31,147,Embedded Systems,2025-05-19 17:15:00
2793,111,64,Robotics,2025-05-01 13:32:00
2794,31,25,Robotics,2025-05-20 13:05:00
2795,59,136,Robotics,2025-05-03 15:24:00
2796,61,200,Embedded Systems,2025-05-23 10:23:00
2797,56,200,Embedded Systems,2025-05-08 18:00:00
2798,106,84,Data Engineering,2025-05-16 16:09:00
2799,57,70,Biotechnology,2025-05-11 17:56:00
2800,41,138,Biotechnology,2025-05-20 17:07:00
2801,87,76,Data Engineering,2025-05-07 16:51:00
2802,65,130,Data Engineering,2025-05-14 19:52:00
2803,38,3,Data Engineering,2025-05-05 12:01:00
2804,90,8,Biotechnology,2025-05-03 13:29:00
2805,20,199,Data Engineering,2025-05-21 14:35:00
2806,64,41,Biotechnology,2025-05-04 12:29:00
2807,103,71,Robotics,2025-05-10 10:37:00
2808,7,33,Embedded Systems,2025-05-04 08:55:00
2809,63,84,Data Engineering,2025-05-05 13:53:00
2810,8,185,Robotics,2025-05-21 14:41:00
2811,65,83,Biotechnology,2025-05-20 21:48:00
2812,74,9,Embedded Systems,2025-05-19 20:36:00
2813,7,11,Data Engineering,2025-05-23 19:08:00
2814,10,128,Biotechnology,2025-05-05 10:06:00
2815,55,134,Robotics,2025-05-03 20:23:00
2816,81,92,Biotechnology,2025-05-11 20:04:00
2817,9,127,Biotechnology,2025-05-17 14:41:00
2818,65,102,Data Engineering,2025-05-03 21:13:00
2819,46,115,Data Engineering,2025-05-08 11:03:00
2820,4,166,Embedded Systems,2025-05-21 21:44:00
2821,8,58,Data Engineering,2025-05-08 20:14:00
2822,19,40,Biotechnology,2025-05-11 13:24:00
2823,87,194,Robotics,2025-05-01 16:48:00
2824,116,75,Data Engineering,2025-05-23 19:26:00
2825,41,141,Robotics,2025-05-19 08:13:00
2826,2,59,Robotics,2025-05-12 19:05:00
2827,61,149,Data Engineering,2025-05-27 10:25:00
2828,1,55,Biotechnology,2025-05-21 19:39:00
2829,82,73,Robotics,2025-05-17 14:10:00
2830,35,52,Embedded Systems,2025-05-07 13:57:00
2831,65,67,Embedded Systems,2025-05-15 08:28:00
2832,80,155,Robotics,2025-05-25 14:13:00
2833,78,48,Biotechnology,2025-05-26 09:47:00
2834,69,53,Embedded Systems,2025-05-27 19:43:00
2835,94,55,Biotechnology,2025-05-12 15:03:00
2836,57,166,Embedded Systems,2025-05-07 16:01:00
2837,35,80,Data Engineering,2025-05-28 13:13:00
2838,47,128,Biotechnology,2025-05-11 15:25:00
2839,110,155,Robotics,2025-05-16 16:38:00
2840,79,74,Robotics,2025-05-08 09:39:00
2841,100,28,Robotics,2025-05-20 08:54:00
2842,111,3,Data Engineering,2025-05-10 15:24:00
2843,36,187,Embedded Systems,2025-05-04 08:23:00
2844,93,56,Embedded Systems,2025-05-24 13:04:00
2845,7,72,Embedded Systems,2025-05-10 20:02:00
2846,58,31,Robotics,2025-05-15 20:58:00
2847,8,53,Embedded Systems,2025-05-16 10:00:00
2848,55,29,Embedded Systems,2025-05-15 21:56:00
2849,36,149,Data Engineering,2025-05-01 19:36:00
2850,119,123,Data Engineering,2025-05-05 11:04:00
2851,4,102,Data Engineering,2025-05-16 14:53:00
2852,2,120,Data Engineering,2025-05-19 08:42:00
2853,103,17,Robotics,2025-05-23 12:46:00
2854,47,123,Data Engineering,2025-05-01 18:17:00
2855,102,49,Robotics,2025-05-26 08:41:00
2856,98,12,Data Engineering,2025-05-14 16:44:00
2857,83,126,Data Engineering,2025-05-24 08:18:00
2858,76,94,Biotechnology,2025-05-15 21:30:00
2859,82,140,Embedded Systems,2025-05-24 16:34:00
2860,78,38,Embedded Systems,2025-05-14 10:37:00
2861,59,103,Data Engineering,2025-05-25 12:09:00
2862,59,173,Embedded Systems,2025-05-18 14:23:00
2863,57,111,Embedded Systems,2025-05-05 13:59:00
2864,89,92,Biotechnology,2025-05-25 16:55:00
2865,8,175,Data Engineering,2025-05-11 16:58:00
2866,77,161,Robotics,2025-05-18 18:53:00
2867,29,191,Robotics,2025-05-27 20:13:00
2868,92,178,Robotics,2025-05-04 16:34:00
2869,97,11,Data Engineering,2025-05-01 12:59:00
2870,24,141,Robotics,2025-05-08 18:45:00
2871,74,86,Robotics,2025-05-24 21:51:00
2872,68,96,Data Engineering,2025-05-17 18:52:00
2873,59,101,Data Engineering,2025-05-24 14:44:00
2874,31,193,Robotics,2025-05-21 15:09:00
2875,27,178,Robotics,2025-05-01 20:32:00
2876,20,28,Robotics,2025-05-23 12:15:00
2877,42,194,Robotics,2025-05-18 18:06:00
2878,8,49,Robotics,2025-05-10 09:13:00
2879,80,48,Biotechnology,2025-05-03 12:28:00
2880,80,31,Robotics,2025-05-22 14:00:00
2881,68,179,Biotechnology,2025-05-13 13:13:00
2882,112,78,Embedded Systems,2025-05-21 17:37:00
2883,118,11,Data Engineering,2025-05-16 13:22:00
2884,92,8,Biotechnology,2025-05-28 20:24:00
2885,24,193,Robotics,2025-05-14 19:37:00
2886,114,159,Embedded Systems,2025-05-22 15:01:00
2887,95,98,Biotechnology,2025-05-25 09:30:00
2888,21,65,Embedded Systems,2025-05-08 19:53:00
2889,24,184,Embedded Systems,2025-05-15 14:47:00
2890,80,87,Data Engineering,2025-05-02 13:19:00
2891,100,142,Embedded Systems,2025-05-07 17:26:00
2892,28,25,Robotics,2025-05-19 21:43:00
2893,116,200,Embedded Systems,2025-05-15 09:32:00
2894,120,47,Data Engineering,2025-05-19 14:51:00
2895,7,138,Biotechnology,2025-05-19 09:44:00
2896,102,133,Embedded Systems,2025-05-10 21:10:00
2897,55,11,Data Engineering,2025-05-14 09:43:00
2898,9,40,Biotechnology,2025-05-16 15:15:00
2899,38,2,Robotics,2025-05-25 14:02:00
2900,77,78,Embedded Systems,2025-05-28 18:37:00
2901,88,127,Biotechnology,2025-05-26 19:58:00
2902,29,30,Embedded Systems,2025-05-05 19:38:00
2903,115,145,Robotics,2025-05-12 20:44:00
2904,82,111,Embedded Systems,2025-05-21 16:06:00
2905,61,108,Embedded Systems,2025-05-14 16:44:00
2906,19,109,Data Engineering,2025-05-09 18:22:00
2907,56,122,Robotics,2025-05-05 09:01:00
2908,39,42,Embedded Systems,2025-05-22 11:28:00
2909,46,169,Biotechnology,2025-05-09 15:04:00
2910,81,169,Biotechnology,2025-05-04 16:02:00
2911,51,60,Data Engineering,2025-05-05 19:44:00
2912,10,101,Data Engineering,2025-05-17 20:00:00
2913,59,29,Embedded Systems,2025-05-19 16:00:00
2914,19,78,Embedded Systems,2025-05-08 21:30:00
2915,92,55,Biotechnology,2025-05-16 15:13:00
2916,20,26,Robotics,2025-05-05 18:08:00
2917,10,131,Biotechnology,2025-05-16 16:04:00
2918,90,145,Robotics,2025-05-27 18:23:00
2919,49,58,Data Engineering,2025-05-25 14:02:00
2920,4,83,Biotechnology,2025-05-22 19:59:00
2921,104,96,Data Engineering,2025-05-27 21:14:00
2922,56,192,Data Engineering,2025-05-26 16:56:00
2923,36,105,Robotics,2025-05-08 17:33:00
2924,20,74,Robotics,2025-05-14 17:01:00
2925,18,107,Data Engineering,2025-05-23 20:09:00
2926,63,198,Data Engineering,2025-05-09 14:17:00
2927,119,119,Robotics,2025-05-11 12:53:00
2928,62,138,Biotechnology,2025-05-28 15:32:00
2929,114,125,Biotechnology,2025-05-23 16:59:00
2930,115,175,Data Engineering,2025-05-26 17:08:00
2931,113,121,Embedded Systems,2025-05-11 16:33:00
2932,57,158,Robotics,2025-05-21 12:59:00
2933,70,70,Biotechnology,2025-05-08 13:59:00
2934,68,83,Biotechnology,2025-05-12 12:12:00
2935,90,86,Robotics,2025-05-09 12:38:00
2936,27,109,Data Engineering,2025-05-20 20:08:00
2937,28,198,Data Engineering,2025-05-22 13:45:00
2938,43,139,Biotechnology,2025-05-26 15:37:00
2939,67,134,Robotics,2025-05-21 11:13:00
2940,97,154,Data Engineering,2025-05-06 18:51:00
2941,79,128,Biotechnology,2025-05-16 19:17:00
2942,68,146,Biotechnology,2025-05-05 12:38:00
2943,77,19,Biotechnology,2025-05-27 16:25:00
2944,45,1,Data Engineering,2025-05-16 15:59:00
2945,61,141,Robotics,2025-05-17 17:26:00
2946,93,51,Robotics,2025-05-21 15:38:00
2947,85,28,Robotics,2025-05-11 09:08:00
2948,9,47,Data Engineering,2025-05-02 21:04:00
2949,59,72,Embedded Systems,2025-05-05 20:06:00
2950,29,191,Robotics,2025-05-22 17:03:00
2951,106,3,Data Engineering,2025-05-24 12:18:00
2952,49,111,Embedded Systems,2025-05-20 17:36:00
2953,80,193,Robotics,2025-05-27 11:09:00
2954,53,6,Data Engineering,2025-05-25 11:10:00
2955,120,99,Biotechnology,2025-05-01 10:05:00
2956,118,147,Embedded Systems,2025-05-09 20:31:00
2957,81,32,Biotechnology,2025-05-08 11:29:00
2958,34,157,Data Engineering,2025-05-08 12:06:00
2959,52,1,Data Engineering,2025-05-14 17:55:00
2960,53,154,Data Engineering,2025-05-08 09:54:00
2961,88,21,Biotechnology,2025-05-15 10:47:00
2962,88,99,Biotechnology,2025-05-01 16:48:00
2963,95,70,Biotechnology,2025-05-14 20:56:00
2964,7,135,Embedded Systems,2025-05-16 16:39:00
2965,72,100,Embedded Systems,2025-05-12 10:45:00
2966,77,20,Biotechnology,2025-05-06 20:25:00
2967,80,54,Robotics,2025-05-13 12:15:00
2968,51,184,Embedded Systems,2025-05-13 17:56:00
2969,81,121,Embedded Systems,2025-05-19 11:41:00
2970,4,179,Biotechnology,2025-05-13 17:22:00
2971,113,93,Embedded Systems,2025-05-14 19:28:00
2972,45,109,Data Engineering,2025-05-12 11:17:00
2973,35,94,Biotechnology,2025-05-06 10:14:00
2974,118,150,Biotechnology,2025-05-17 20:12:00
2975,45,10,Robotics,2025-05-25 11:05:00
2976,11,182,Robotics,2025-05-23 16:03:00
2977,57,65,Embedded Systems,2025-05-15 10:18:00
2978,37,37,Data Engineering,2025-05-06 11:26:00
2979,12,80,Data Engineering,2025-05-08 21:05:00
2980,38,159,Embedded Systems,2025-05-10 16:30:00
2981,32,109,Data Engineering,2025-05-26 11:38:00
2982,20,183,Data Engineering,2025-05-09 21:50:00
2983,79,46,Data Engineering,2025-05-18 20:23:00
2984,39,186,Embedded Systems,2025-05-08 20:00:00
2985,90,84,Data Engineering,2025-05-17 21:01:00
2986,14,129,Embedded Systems,2025-05-13 10:10:00
2987,29,13,Biotechnology,2025-05-08 21:38:00
2988,48,95,Data Engineering,2025-05-15 11:29:00
2989,83,45,Biotechnology,2025-05-06 18:38:00
2990,83,194,Robotics,2025-05-05 08:18:00
2991,113,118,Embedded Systems,2025-05-22 20:25:00
2992,88,141,Robotics,2025-05-17 15:41:00
2993,88,134,Robotics,2025-05-25 12:33:00
2994,115,105,Robotics,2025-05-05 20:02:00
2995,82,53,Embedded Systems,2025-05-27 12:07:00
2996,46,155,Robotics,2025-05-10 13:01:00
2997,7,81,Embedded Systems,2025-05-07 14:49:00
2998,53,164,Embedded Systems,2025-05-19 20:48:00
2999,51,192,Data Engineering,2025-05-13 11:09:00
3000,108,5,Data Engineering,2025-05-09 15:25:00
3001,45,120,Data Engineering,2025-05-07 15:08:00
3002,34,107,Data Engineering,2025-05-05 18:59:00
3003,12,26,Robotics,2025-05-12 15:58:00
3004,103,99,Biotechnology,2025-05-03 17:18:00
3005,66,91,Biotechnology,2025-05-02 21:54:00
3006,55,123,Data Engineering,2025-05-07 12:59:00
3007,20,130,Data Engineering,2025-05-05 19:45:00
3008,6,144,Data Engineering,2025-05-17 11:40:00
3009,102,134,Robotics,2025-05-13 13:51:00
3010,106,157,Data Engineering,2025-05-11 12:23:00
3011,70,14,Data Engineering,2025-05-15 20:31:00
3012,5,111,Embedded Systems,2025-05-25 16:46:00
3013,12,192,Data Engineering,2025-05-05 21:24:00
3014,52,85,Data Engineering,2025-05-24 18:17:00
3015,37,37,Data Engineering,2025-05-03 17:24:00
3016,11,71,Robotics,2025-05-02 12:00:00
3017,96,35,Data Engineering,2025-05-07 14:51:00
3018,96,39,Data Engineering,2025-05-09 11:00:00
3019,9,17,Robotics,2025-05-09 19:30:00
3020,37,17,Robotics,2025-05-22 15:07:00
3021,94,21,Biotechnology,2025-05-11 17:46:00
3022,115,96,Data Engineering,2025-05-09 17:35:00
3023,94,141,Robotics,2025-05-11 18:42:00
3024,116,84,Data Engineering,2025-05-22 21:45:00
3025,53,151,Biotechnology,2025-05-26 17:49:00
3026,7,63,Embedded Systems,2025-05-14 15:17:00
3027,39,85,Data Engineering,2025-05-24 14:03:00
3028,57,152,Robotics,2025-05-04 21:09:00
3029,45,143,Biotechnology,2025-05-08 15:57:00
3030,81,40,Biotechnology,2025-05-17 13:26:00
3031,75,191,Robotics,2025-05-10 09:15:00
3032,18,42,Embedded Systems,2025-05-25 13:59:00
3033,84,15,Biotechnology,2025-05-05 14:30:00
3034,76,8,Biotechnology,2025-05-04 12:15:00
3035,59,125,Biotechnology,2025-05-13 17:13:00
3036,55,104,Robotics,2025-05-10 11:39:00
3037,74,43,Robotics,2025-05-19 14:54:00
3038,13,22,Biotechnology,2025-05-26 19:00:00
3039,83,39,Data Engineering,2025-05-03 20:51:00
3040,8,179,Biotechnology,2025-05-01 15:11:00
3041,81,9,Embedded Systems,2025-05-22 18:58:00
3042,97,180,Data Engineering,2025-05-03 08:10:00
3043,7,80,Data Engineering,2025-05-19 09:02:00
3044,40,158,Robotics,2025-05-26 10:57:00
3045,59,101,Data Engineering,2025-05-09 17:18:00
3046,9,158,Robotics,2025-05-20 12:08:00
3047,58,17,Robotics,2025-05-06 18:49:00
3048,83,180,Data Engineering,2025-05-20 11:44:00
3049,77,73,Robotics,2025-05-22 10:44:00
3050,44,122,Robotics,2025-05-17 12:18:00
3051,49,168,Robotics,2025-05-26 11:50:00
3052,29,80,Data Engineering,2025-05-15 10:45:00
3053,9,40,Biotechnology,2025-05-19 09:09:00
3054,17,28,Robotics,2025-05-24 09:18:00
3055,53,198,Data Engineering,2025-05-19 11:45:00
3056,27,124,Robotics,2025-05-21 18:42:00
3057,39,142,Embedded Systems,2025-05-23 11:57:00
3058,45,122,Robotics,2025-05-13 11:22:00
3059,57,17,Robotics,2025-05-13 10:52:00
3060,79,128,Biotechnology,2025-05-26 19:55:00
3061,65,83,Biotechnology,2025-05-24 19:27:00
3062,110,169,Biotechnology,2025-05-28 19:11:00
3063,24,2,Robotics,2025-05-09 14:05:00
3064,41,125,Biotechnology,2025-05-02 10:15:00
3065,61,132,Embedded Systems,2025-05-07 19:11:00
3066,2,107,Data Engineering,2025-05-21 13:45:00
3067,46,88,Data Engineering,2025-05-01 09:30:00
3068,59,198,Data Engineering,2025-05-07 10:21:00
3069,87,175,Data Engineering,2025-05-17 12:33:00
3070,120,101,Data Engineering,2025-05-20 17:12:00
3071,86,112,Data Engineering,2025-05-02 15:46:00
3072,103,152,Robotics,2025-05-02 12:21:00
3073,107,5,Data Engineering,2025-05-26 09:30:00
3074,110,107,Data Engineering,2025-05-20 17:14:00
3075,31,81,Embedded Systems,2025-05-09 12:57:00
3076,94,167,Embedded Systems,2025-05-22 17:16:00
3077,89,102,Data Engineering,2025-05-08 08:14:00
3078,1,116,Data Engineering,2025-05-14 08:04:00
3079,92,71,Robotics,2025-05-01 16:55:00
3080,77,188,Embedded Systems,2025-05-10 20:38:00
3081,46,170,Robotics,2025-05-18 18:35:00
3082,100,74,Robotics,2025-05-13 16:46:00
3083,111,85,Data Engineering,2025-05-07 08:43:00
3084,49,110,Biotechnology,2025-05-16 08:06:00
3085,86,34,Robotics,2025-05-06 18:18:00
3086,36,172,Embedded Systems,2025-05-14 11:46:00
3087,65,42,Embedded Systems,2025-05-10 16:44:00
3088,20,141,Robotics,2025-05-05 21:07:00
3089,8,1,Data Engineering,2025-05-25 20:48:00
3090,14,70,Biotechnology,2025-05-15 13:07:00
3091,91,129,Embedded Systems,2025-05-15 16:07:00
3092,37,124,Robotics,2025-05-03 13:50:00
3093,85,24,Embedded Systems,2025-05-26 11:34:00
3094,109,65,Embedded Systems,2025-05-20 20:50:00
3095,10,197,Biotechnology,2025-05-06 10:21:00
3096,40,42,Embedded Systems,2025-05-16 20:40:00
3097,66,90,Data Engineering,2025-05-26 20:27:00
3098,91,27,Embedded Systems,2025-05-13 11:10:00
3099,112,49,Robotics,2025-05-25 17:47:00
3100,46,179,Biotechnology,2025-05-27 18:59:00
3101,103,200,Embedded Systems,2025-05-13 13:41:00
3102,8,95,Data Engineering,2025-05-02 15:12:00
3103,4,1,Data Engineering,2025-05-22 13:41:00
3104,1,87,Data Engineering,2025-05-11 21:29:00
3105,16,22,Biotechnology,2025-05-20 16:35:00
3106,31,197,Biotechnology,2025-05-16 15:35:00
3107,42,142,Embedded Systems,2025-05-20 20:02:00
3108,70,164,Embedded Systems,2025-05-18 21:27:00
3109,23,76,Data Engineering,2025-05-02 12:42:00
3110,94,36,Robotics,2025-05-05 12:21:00
3111,118,106,Biotechnology,2025-05-12 09:31:00
3112,49,79,Data Engineering,2025-05-01 12:20:00
3113,103,48,Biotechnology,2025-05-17 17:38:00
3114,24,26,Robotics,2025-05-09 20:21:00
3115,26,82,Embedded Systems,2025-05-07 17:51:00
3116,53,21,Biotechnology,2025-05-10 21:48:00
3117,109,141,Robotics,2025-05-03 20:45:00
3118,103,141,Robotics,2025-05-18 12:58:00
3119,12,142,Embedded Systems,2025-05-13 20:59:00
3120,71,11,Data Engineering,2025-05-03 18:21:00
3121,19,69,Data Engineering,2025-05-04 17:00:00
3122,6,28,Robotics,2025-05-26 13:25:00
3123,36,139,Biotechnology,2025-05-19 16:57:00
3124,37,64,Robotics,2025-05-06 18:58:00
3125,13,146,Biotechnology,2025-05-26 08:30:00
3126,17,56,Embedded Systems,2025-05-24 21:55:00
3127,70,175,Data Engineering,2025-05-01 18:33:00
3128,41,70,Biotechnology,2025-05-16 16:15:00
3129,85,16,Robotics,2025-05-07 21:33:00
3130,69,75,Data Engineering,2025-05-19 14:58:00
3131,44,149,Data Engineering,2025-05-20 21:56:00
3132,35,32,Biotechnology,2025-05-20 15:00:00
3133,40,30,Embedded Systems,2025-05-24 12:44:00
3134,27,33,Embedded Systems,2025-05-22 11:08:00
3135,44,183,Data Engineering,2025-05-24 08:46:00
3136,18,19,Biotechnology,2025-05-07 12:07:00
3137,42,148,Embedded Systems,2025-05-23 09:53:00
3138,17,179,Biotechnology,2025-05-11 11:28:00
3139,110,37,Data Engineering,2025-05-26 09:55:00
3140,70,95,Data Engineering,2025-05-13 18:33:00
3141,115,175,Data Engineering,2025-05-07 21:40:00
3142,80,38,Embedded Systems,2025-05-07 21:42:00
3143,113,170,Robotics,2025-05-09 14:03:00
3144,104,65,Embedded Systems,2025-05-06 08:50:00
3145,62,16,Robotics,2025-05-07 14:07:00
3146,61,74,Robotics,2025-05-06 14:49:00
3147,18,4,Embedded Systems,2025-05-19 15:22:00
3148,102,78,Embedded Systems,2025-05-07 19:55:00
3149,117,71,Robotics,2025-05-09 10:30:00
3150,29,57,Robotics,2025-05-01 20:15:00
3151,49,166,Embedded Systems,2025-05-18 16:41:00
3152,82,38,Embedded Systems,2025-05-17 12:44:00
3153,119,26,Robotics,2025-05-26 12:47:00
3154,25,104,Robotics,2025-05-08 12:16:00
3155,79,63,Embedded Systems,2025-05-18 21:39:00
3156,63,148,Embedded Systems,2025-05-06 18:31:00
3157,7,136,Robotics,2025-05-11 20:44:00
3158,96,198,Data Engineering,2025-05-11 08:30:00
3159,70,50,Embedded Systems,2025-05-24 20:27:00
3160,36,65,Embedded Systems,2025-05-07 18:25:00
3161,71,172,Embedded Systems,2025-05-19 13:06:00
3162,42,98,Biotechnology,2025-05-08 13:02:00
3163,43,87,Data Engineering,2025-05-18 13:31:00
3164,7,59,Robotics,2025-05-23 09:06:00
3165,31,145,Robotics,2025-05-28 08:13:00
3166,15,120,Data Engineering,2025-05-04 18:35:00
3167,31,113,Data Engineering,2025-05-07 11:23:00
3168,6,25,Robotics,2025-05-19 14:07:00
3169,102,72,Embedded Systems,2025-05-07 09:21:00
3170,19,61,Data Engineering,2025-05-26 12:50:00
3171,107,154,Data Engineering,2025-05-25 11:02:00
3172,65,122,Robotics,2025-05-22 20:44:00
3173,113,187,Embedded Systems,2025-05-27 11:50:00
3174,12,106,Biotechnology,2025-05-17 17:14:00
3175,93,148,Embedded Systems,2025-05-23 13:59:00
3176,67,92,Biotechnology,2025-05-06 08:47:00
3177,68,25,Robotics,2025-05-22 12:12:00
3178,32,45,Biotechnology,2025-05-02 19:11:00
3179,28,51,Robotics,2025-05-10 15:03:00
3180,29,170,Robotics,2025-05-02 09:46:00
3181,69,186,Embedded Systems,2025-05-27 18:27:00
3182,98,40,Biotechnology,2025-05-06 15:24:00
3183,9,2,Robotics,2025-05-18 10:43:00
3184,36,108,Embedded Systems,2025-05-07 09:09:00
3185,41,107,Data Engineering,2025-05-23 21:10:00
3186,83,69,Data Engineering,2025-05-22 16:57:00
3187,110,152,Robotics,2025-05-11 15:10:00
3188,46,153,Robotics,2025-05-15 14:11:00
3189,52,157,Data Engineering,2025-05-11 12:38:00
3190,93,55,Biotechnology,2025-05-27 08:12:00
3191,104,104,Robotics,2025-05-03 21:37:00
3192,17,30,Embedded Systems,2025-05-02 11:47:00
3193,25,180,Data Engineering,2025-05-18 15:25:00
3194,29,167,Embedded Systems,2025-05-02 16:11:00
3195,93,138,Biotechnology,2025-05-08 08:32:00
3196,20,156,Embedded Systems,2025-05-08 16:35:00
3197,104,22,Biotechnology,2025-05-03 12:16:00
3198,38,86,Robotics,2025-05-02 14:31:00
3199,49,53,Embedded Systems,2025-05-23 18:05:00
3200,98,133,Embedded Systems,2025-05-03 14:46:00
3201,74,163,Embedded Systems,2025-05-15 10:43:00
3202,42,71,Robotics,2025-05-02 20:00:00
3203,8,200,Embedded Systems,2025-05-28 20:46:00
3204,38,8,Biotechnology,2025-05-25 19:51:00
3205,21,164,Embedded Systems,2025-05-23 11:30:00
3206,82,26,Robotics,2025-05-02 20:40:00
3207,4,192,Data Engineering,2025-05-05 13:20:00
3208,93,98,Biotechnology,2025-05-17 18:18:00
3209,36,193,Robotics,2025-05-03 16:52:00
3210,112,38,Embedded Systems,2025-05-10 15:33:00
3211,39,197,Biotechnology,2025-05-27 20:18:00
3212,11,129,Embedded Systems,2025-05-11 14:30:00
3213,79,11,Data Engineering,2025-05-01 08:38:00
3214,51,13,Biotechnology,2025-05-08 14:22:00
3215,81,163,Embedded Systems,2025-05-24 16:17:00
3216,83,136,Robotics,2025-05-19 09:15:00
3217,52,106,Biotechnology,2025-05-17 11:20:00
3218,45,95,Data Engineering,2025-05-27 10:50:00
3219,11,148,Embedded Systems,2025-05-18 19:02:00
3220,90,161,Robotics,2025-05-07 11:26:00
3221,67,155,Robotics,2025-05-20 13:50:00
3222,91,5,Data Engineering,2025-05-28 16:11:00
3223,59,33,Embedded Systems,2025-05-26 08:59:00
3224,35,32,Biotechnology,2025-05-17 09:56:00
3225,87,143,Biotechnology,2025-05-09 18:46:00
3226,77,67,Embedded Systems,2025-05-18 15:31:00
3227,83,64,Robotics,2025-05-23 20:12:00
3228,88,136,Robotics,2025-05-09 11:09:00
3229,88,173,Embedded Systems,2025-05-20 18:18:00
3230,70,186,Embedded Systems,2025-05-14 12:10:00
3231,71,6,Data Engineering,2025-05-25 19:08:00
3232,98,95,Data Engineering,2025-05-14 11:06:00
3233,35,80,Data Engineering,2025-05-15 21:02:00
3234,85,100,Embedded Systems,2025-05-06 13:48:00
3235,102,96,Data Engineering,2025-05-02 10:25:00
3236,45,59,Robotics,2025-05-18 18:11:00
3237,4,76,Data Engineering,2025-05-22 09:30:00
3238,61,97,Robotics,2025-05-28 12:32:00
3239,63,148,Embedded Systems,2025-05-01 20:14:00
3240,55,188,Embedded Systems,2025-05-18 19:32:00
3241,61,133,Embedded Systems,2025-05-11 19:08:00
3242,120,120,Data Engineering,2025-05-02 18:44:00
3243,118,88,Data Engineering,2025-05-21 08:54:00
3244,39,75,Data Engineering,2025-05-07 20:52:00
3245,103,91,Biotechnology,2025-05-09 17:20:00
3246,49,182,Robotics,2025-05-26 10:51:00
3247,103,27,Embedded Systems,2025-05-17 15:46:00
3248,119,32,Biotechnology,2025-05-07 11:37:00
3249,41,24,Embedded Systems,2025-05-16 11:08:00
3250,49,104,Robotics,2025-05-02 14:54:00
3251,115,9,Embedded Systems,2025-05-25 17:48:00
3252,54,130,Data Engineering,2025-05-13 09:29:00
3253,91,129,Embedded Systems,2025-05-24 21:33:00
3254,35,3,Data Engineering,2025-05-07 21:01:00
3255,67,8,Biotechnology,2025-05-25 14:07:00
3256,6,141,Robotics,2025-05-08 19:24:00
3257,115,86,Robotics,2025-05-09 19:18:00
3258,92,153,Robotics,2025-05-01 17:43:00
3259,120,55,Biotechnology,2025-05-26 13:08:00
3260,119,15,Biotechnology,2025-05-03 20:07:00
3261,65,135,Embedded Systems,2025-05-04 16:18:00
3262,89,58,Data Engineering,2025-05-16 13:53:00
3263,90,7,Embedded Systems,2025-05-07 10:52:00
3264,46,186,Embedded Systems,2025-05-20 17:32:00
3265,102,38,Embedded Systems,2025-05-09 13:21:00
3266,57,108,Embedded Systems,2025-05-02 19:47:00
3267,119,188,Embedded Systems,2025-05-18 14:47:00
3268,76,11,Data Engineering,2025-05-25 20:21:00
3269,68,61,Data Engineering,2025-05-14 14:50:00
3270,24,191,Robotics,2025-05-04 19:08:00
3271,2,110,Biotechnology,2025-05-02 11:55:00
3272,43,15,Biotechnology,2025-05-12 14:25:00
3273,8,156,Embedded Systems,2025-05-13 10:43:00
3274,46,117,Robotics,2025-05-04 10:49:00
3275,77,56,Embedded Systems,2025-05-12 08:52:00
3276,39,111,Embedded Systems,2025-05-14 17:06:00
3277,95,125,Biotechnology,2025-05-14 20:35:00
3278,75,165,Robotics,2025-05-17 21:16:00
3279,6,75,Data Engineering,2025-05-08 12:57:00
3280,102,142,Embedded Systems,2025-05-25 11:21:00
3281,29,77,Robotics,2025-05-14 08:13:00
3282,105,60,Data Engineering,2025-05-24 09:03:00
3283,53,27,Embedded Systems,2025-05-23 08:38:00
3284,110,13,Biotechnology,2025-05-19 19:04:00
3285,35,75,Data Engineering,2025-05-01 19:28:00
3286,33,66,Data Engineering,2025-05-13 20:38:00
3287,92,181,Embedded Systems,2025-05-25 17:36:00
3288,78,97,Robotics,2025-05-27 16:41:00
3289,88,155,Robotics,2025-05-22 18:48:00
3290,119,117,Robotics,2025-05-10 10:34:00
3291,110,94,Biotechnology,2025-05-08 10:21:00
3292,7,145,Robotics,2025-05-25 16:56:00
3293,36,80,Data Engineering,2025-05-06 11:06:00
3294,93,48,Biotechnology,2025-05-08 12:49:00
3295,51,37,Data Engineering,2025-05-19 16:03:00
3296,7,105,Robotics,2025-05-18 15:09:00
3297,78,102,Data Engineering,2025-05-25 14:57:00
3298,39,8,Biotechnology,2025-05-24 11:19:00
3299,84,144,Data Engineering,2025-05-17 17:14:00
3300,71,84,Data Engineering,2025-05-12 18:15:00
3301,7,134,Robotics,2025-05-27 21:18:00
3302,116,1,Data Engineering,2025-05-22 09:09:00
3303,94,178,Robotics,2025-05-11 08:35:00
3304,80,38,Embedded Systems,2025-05-18 18:09:00
3305,12,112,Data Engineering,2025-05-18 14:36:00
3306,20,97,Robotics,2025-05-27 11:00:00
3307,73,144,Data Engineering,2025-05-04 18:53:00
3308,90,176,Data Engineering,2025-05-26 16:20:00
3309,27,147,Embedded Systems,2025-05-09 21:12:00
3310,92,199,Data Engineering,2025-05-05 11:37:00
3311,87,198,Data Engineering,2025-05-09 18:57:00
3312,97,11,Data Engineering,2025-05-06 15:48:00
3313,116,58,Data Engineering,2025-05-28 16:27:00
3314,66,154,Data Engineering,2025-05-03 08:07:00
3315,41,196,Robotics,2025-05-03 09:42:00
3316,41,50,Embedded Systems,2025-05-27 21:01:00
3317,46,13,Biotechnology,2025-05-02 17:41:00
3318,20,72,Embedded Systems,2025-05-28 19:20:00
3319,34,14,Data Engineering,2025-05-28 18:33:00
3320,114,51,Robotics,2025-05-21 14:40:00
3321,63,37,Data Engineering,2025-05-08 18:17:00
3322,98,70,Biotechnology,2025-05-15 15:38:00
3323,14,73,Robotics,2025-05-23 15:56:00
3324,90,36,Robotics,2025-05-14 18:08:00
3325,7,153,Robotics,2025-05-18 20:05:00
3326,85,191,Robotics,2025-05-27 15:59:00
3327,119,99,Biotechnology,2025-05-19 19:59:00
3328,58,155,Robotics,2025-05-01 14:59:00
3329,36,135,Embedded Systems,2025-05-07 11:12:00
3330,28,117,Robotics,2025-05-11 13:45:00
3331,80,44,Biotechnology,2025-05-04 15:34:00
3332,43,21,Biotechnology,2025-05-28 10:43:00
3333,36,27,Embedded Systems,2025-05-01 14:07:00
3334,33,57,Robotics,2025-05-17 18:20:00
3335,78,34,Robotics,2025-05-13 09:12:00
3336,67,56,Embedded Systems,2025-05-10 12:37:00
3337,25,13,Biotechnology,2025-05-19 13:03:00
3338,38,37,Data Engineering,2025-05-02 21:06:00
3339,12,111,Embedded Systems,2025-05-08 15:13:00
3340,23,175,Data Engineering,2025-05-13 15:34:00
3341,108,28,Robotics,2025-05-24 20:31:00
3342,39,171,Robotics,2025-05-03 08:53:00
3343,113,42,Embedded Systems,2025-05-27 17:34:00
3344,36,47,Data Engineering,2025-05-09 16:59:00
3345,77,108,Embedded Systems,2025-05-24 21:31:00
3346,52,188,Embedded Systems,2025-05-25 14:55:00
3347,65,60,Data Engineering,2025-05-04 21:32:00
3348,53,46,Data Engineering,2025-05-14 08:21:00
3349,102,59,Robotics,2025-05-24 08:31:00
3350,108,180,Data Engineering,2025-05-14 14:43:00
3351,14,31,Robotics,2025-05-13 21:31:00
3352,61,61,Data Engineering,2025-05-26 10:55:00
3353,2,4,Embedded Systems,2025-05-13 16:09:00
3354,25,22,Biotechnology,2025-05-08 18:22:00
3355,10,84,Data Engineering,2025-05-13 18:55:00
3356,67,169,Biotechnology,2025-05-18 15:59:00
3357,49,27,Embedded Systems,2025-05-05 19:04:00
3358,112,134,Robotics,2025-05-03 17:08:00
3359,78,84,Data Engineering,2025-05-25 17:02:00
3360,52,143,Biotechnology,2025-05-08 14:39:00
3361,7,156,Embedded Systems,2025-05-06 10:57:00
3362,93,10,Robotics,2025-05-20 19:46:00
3363,65,59,Robotics,2025-05-24 17:45:00
3364,67,178,Robotics,2025-05-21 10:19:00
3365,118,156,Embedded Systems,2025-05-18 18:04:00
3366,78,166,Embedded Systems,2025-05-15 18:34:00
3367,7,130,Data Engineering,2025-05-23 18:28:00
3368,38,24,Embedded Systems,2025-05-08 16:25:00
3369,37,115,Data Engineering,2025-05-18 20:42:00
3370,120,48,Biotechnology,2025-05-15 12:24:00
3371,18,200,Embedded Systems,2025-05-24 18:42:00
3372,115,119,Robotics,2025-05-13 16:09:00
3373,94,160,Robotics,2025-05-17 15:45:00
3374,18,40,Biotechnology,2025-05-17 17:12:00
3375,6,127,Biotechnology,2025-05-21 16:20:00
3376,69,175,Data Engineering,2025-05-21 10:43:00
3377,45,161,Robotics,2025-05-23 12:56:00
3378,103,8,Biotechnology,2025-05-25 14:24:00
3379,103,187,Embedded Systems,2025-05-19 08:01:00
3380,61,173,Embedded Systems,2025-05-18 10:49:00
3381,63,192,Data Engineering,2025-05-09 12:11:00
3382,87,135,Embedded Systems,2025-05-07 10:22:00
3383,108,157,Data Engineering,2025-05-08 18:08:00
3384,97,175,Data Engineering,2025-05-28 12:50:00
3385,31,101,Data Engineering,2025-05-07 16:57:00
3386,42,147,Embedded Systems,2025-05-06 12:05:00
3387,41,176,Data Engineering,2025-05-18 20:21:00
3388,57,185,Robotics,2025-05-11 14:10:00
3389,49,148,Embedded Systems,2025-05-28 19:14:00
3390,118,88,Data Engineering,2025-05-12 09:14:00
3391,68,130,Data Engineering,2025-05-12 13:01:00
3392,58,166,Embedded Systems,2025-05-13 21:35:00
3393,54,84,Data Engineering,2025-05-25 15:49:00
3394,46,175,Data Engineering,2025-05-08 08:12:00
3395,26,79,Data Engineering,2025-05-22 16:52:00
3396,26,148,Embedded Systems,2025-05-16 17:30:00
3397,119,43,Robotics,2025-05-27 19:21:00
3398,7,149,Data Engineering,2025-05-03 21:23:00
3399,22,54,Robotics,2025-05-11 12:29:00
3400,74,28,Robotics,2025-05-07 09:13:00
3401,46,187,Embedded Systems,2025-05-27 14:30:00
3402,62,187,Embedded Systems,2025-05-08 20:27:00
3403,6,115,Data Engineering,2025-05-20 12:54:00
3404,77,39,Data Engineering,2025-05-04 12:49:00
3405,80,23,Robotics,2025-05-06 15:24:00
3406,27,158,Robotics,2025-05-23 17:33:00
3407,28,122,Robotics,2025-05-25 15:00:00
3408,48,70,Biotechnology,2025-05-28 16:33:00
3409,43,143,Biotechnology,2025-05-06 10:59:00
3410,73,85,Data Engineering,2025-05-14 08:20:00
3411,71,198,Data Engineering,2025-05-26 20:28:00
3412,61,138,Biotechnology,2025-05-28 10:08:00
3413,61,127,Biotechnology,2025-05-24 18:17:00
3414,114,139,Biotechnology,2025-05-14 13:50:00
3415,98,82,Embedded Systems,2025-05-10 10:32:00
3416,27,33,Embedded Systems,2025-05-03 20:44:00
3417,4,110,Biotechnology,2025-05-28 08:56:00
3418,52,11,Data Engineering,2025-05-12 18:14:00
3419,46,151,Biotechnology,2025-05-03 11:08:00
3420,104,165,Robotics,2025-05-27 09:51:00
3421,9,84,Data Engineering,2025-05-01 13:21:00
3422,42,124,Robotics,2025-05-21 18:27:00
3423,80,143,Biotechnology,2025-05-10 12:18:00
3424,85,134,Robotics,2025-05-13 17:39:00
3425,115,184,Embedded Systems,2025-05-28 19:59:00
3426,98,57,Robotics,2025-05-24 12:41:00
3427,1,106,Biotechnology,2025-05-05 13:54:00
3428,82,132,Embedded Systems,2025-05-12 12:13:00
3429,38,18,Robotics,2025-05-23 16:51:00
3430,28,28,Robotics,2025-05-03 10:12:00
3431,2,156,Embedded Systems,2025-05-21 12:39:00
3432,6,24,Embedded Systems,2025-05-03 16:15:00
3433,32,107,Data Engineering,2025-05-07 19:35:00
3434,37,119,Robotics,2025-05-25 15:25:00
3435,79,133,Embedded Systems,2025-05-06 20:11:00
3436,54,90,Data Engineering,2025-05-09 19:23:00
3437,81,144,Data Engineering,2025-05-05 14:09:00
3438,41,147,Embedded Systems,2025-05-20 09:32:00
3439,87,199,Data Engineering,2025-05-13 18:35:00
3440,48,62,Robotics,2025-05-18 21:11:00
3441,27,184,Embedded Systems,2025-05-21 15:11:00
3442,46,17,Robotics,2025-05-07 15:50:00
3443,111,184,Embedded Systems,2025-05-21 17:11:00
3444,39,8,Biotechnology,2025-05-05 17:36:00
3445,90,158,Robotics,2025-05-06 09:46:00
3446,78,110,Biotechnology,2025-05-19 09:40:00
3447,31,78,Embedded Systems,2025-05-08 10:20:00
3448,56,168,Robotics,2025-05-26 17:54:00
3449,109,139,Biotechnology,2025-05-10 12:26:00
3450,91,32,Biotechnology,2025-05-24 19:56:00
3451,79,127,Biotechnology,2025-05-10 11:01:00
3452,57,147,Embedded Systems,2025-05-19 20:49:00
3453,25,128,Biotechnology,2025-05-06 15:38:00
3454,40,150,Biotechnology,2025-05-19 10:28:00
3455,75,18,Robotics,2025-05-08 18:57:00
3456,115,153,Robotics,2025-05-24 09:13:00
3457,94,126,Data Engineering,2025-05-05 17:35:00
3458,35,133,Embedded Systems,2025-05-01 20:43:00
3459,19,193,Robotics,2025-05-12 14:46:00
3460,65,186,Embedded Systems,2025-05-06 08:56:00
3461,93,12,Data Engineering,2025-05-16 17:51:00
3462,61,176,Data Engineering,2025-05-17 21:36:00
3463,38,113,Data Engineering,2025-05-23 19:46:00
3464,79,181,Embedded Systems,2025-05-12 10:15:00
3465,14,164,Embedded Systems,2025-05-26 21:59:00
3466,94,193,Robotics,2025-05-02 11:01:00
3467,32,72,Embedded Systems,2025-05-13 18:05:00
3468,68,147,Embedded Systems,2025-05-04 15:04:00
3469,23,89,Data Engineering,2025-05-07 21:46:00
3470,103,147,Embedded Systems,2025-05-01 20:09:00
3471,78,165,Robotics,2025-05-22 08:05:00
3472,61,78,Embedded Systems,2025-05-21 21:47:00
3473,120,131,Biotechnology,2025-05-27 11:58:00
3474,111,2,Robotics,2025-05-03 11:43:00
3475,26,152,Robotics,2025-05-05 14:03:00
3476,35,163,Embedded Systems,2025-05-04 11:10:00
3477,111,31,Robotics,2025-05-15 14:29:00
3478,7,193,Robotics,2025-05-20 20:47:00
3479,26,173,Embedded Systems,2025-05-13 14:06:00
3480,6,34,Robotics,2025-05-20 19:02:00
3481,56,115,Data Engineering,2025-05-22 19:59:00
3482,111,136,Robotics,2025-05-07 17:47:00
3483,67,187,Embedded Systems,2025-05-19 11:27:00
3484,104,98,Biotechnology,2025-05-01 18:11:00
3485,79,117,Robotics,2025-05-10 20:33:00
3486,65,27,Embedded Systems,2025-05-06 09:05:00
3487,87,73,Robotics,2025-05-21 16:08:00
3488,68,87,Data Engineering,2025-05-11 10:09:00
3489,28,153,Robotics,2025-05-01 21:52:00
3490,81,152,Robotics,2025-05-12 19:24:00
3491,87,17,Robotics,2025-05-01 20:59:00
3492,68,55,Biotechnology,2025-05-12 10:49:00
3493,7,178,Robotics,2025-05-25 09:14:00
3494,61,117,Robotics,2025-05-07 14:59:00
3495,105,92,Biotechnology,2025-05-12 14:19:00
3496,29,196,Robotics,2025-05-01 12:04:00
3497,4,191,Robotics,2025-05-16 08:27:00
3498,36,32,Biotechnology,2025-05-16 11:35:00
3499,38,127,Biotechnology,2025-05-20 17:03:00
3500,117,114,Robotics,2025-05-14 14:55:00
3501,51,152,Robotics,2025-05-05 10:55:00
3502,25,73,Robotics,2025-05-11 13:16:00
3503,81,41,Biotechnology,2025-05-21 08:14:00
3504,38,180,Data Engineering,2025-05-08 08:07:00
3505,69,5,Data Engineering,2025-05-16 17:58:00
3506,76,197,Biotechnology,2025-05-14 20:19:00
3507,98,160,Robotics,2025-05-19 18:49:00
3508,73,90,Data Engineering,2025-05-27 10:15:00
3509,25,65,Embedded Systems,2025-05-05 21:51:00
3510,2,65,Embedded Systems,2025-05-04 08:35:00
3511,93,16,Robotics,2025-05-17 09:02:00
3512,90,54,Robotics,2025-05-18 11:06:00
3513,19,116,Data Engineering,2025-05-16 10:27:00
3514,6,133,Embedded Systems,2025-05-17 09:51:00
3515,53,187,Embedded Systems,2025-05-05 17:01:00
3516,77,185,Robotics,2025-05-23 08:29:00
3517,7,22,Biotechnology,2025-05-14 15:06:00
3518,51,64,Robotics,2025-05-11 09:03:00
3519,61,74,Robotics,2025-05-16 12:12:00
3520,37,103,Data Engineering,2025-05-01 08:36:00
3521,90,112,Data Engineering,2025-05-28 16:43:00
3522,83,91,Biotechnology,2025-05-20 12:31:00
3523,109,8,Biotechnology,2025-05-01 13:12:00
3524,91,172,Embedded Systems,2025-05-20 14:10:00
3525,98,113,Data Engineering,2025-05-13 14:52:00
3526,98,39,Data Engineering,2025-05-03 16:15:00
3527,56,36,Robotics,2025-05-02 08:17:00
3528,24,104,Robotics,2025-05-10 13:40:00
3529,10,151,Biotechnology,2025-05-26 09:03:00
3530,116,115,Data Engineering,2025-05-15 09:58:00
3531,58,65,Embedded Systems,2025-05-19 11:34:00
3532,8,197,Biotechnology,2025-05-23 17:48:00
3533,76,180,Data Engineering,2025-05-09 17:00:00
3534,18,81,Embedded Systems,2025-05-11 20:11:00
3535,104,11,Data Engineering,2025-05-17 08:51:00
3536,118,151,Biotechnology,2025-05-27 15:59:00
3537,63,102,Data Engineering,2025-05-16 18:14:00
3538,104,166,Embedded Systems,2025-05-19 15:43:00
3539,46,31,Robotics,2025-05-18 19:18:00
3540,83,27,Embedded Systems,2025-05-04 10:13:00
3541,8,125,Biotechnology,2025-05-16 15:36:00
3542,34,69,Data Engineering,2025-05-25 13:27:00
3543,119,47,Data Engineering,2025-05-17 18:37:00
3544,26,153,Robotics,2025-05-20 15:51:00
3545,58,4,Embedded Systems,2025-05-06 14:54:00
3546,46,170,Robotics,2025-05-15 08:32:00
3547,65,118,Embedded Systems,2025-05-06 09:05:00
3548,36,106,Biotechnology,2025-05-22 18:42:00
3549,51,8,Biotechnology,2025-05-04 21:59:00
3550,93,140,Embedded Systems,2025-05-08 13:43:00
3551,68,180,Data Engineering,2025-05-20 16:56:00
3552,31,200,Embedded Systems,2025-05-04 09:28:00
3553,65,6,Data Engineering,2025-05-21 17:18:00
3554,20,170,Robotics,2025-05-18 14:57:00
3555,29,67,Embedded Systems,2025-05-06 20:07:00
3556,104,116,Data Engineering,2025-05-17 16:47:00
3557,76,60,Data Engineering,2025-05-17 13:28:00
3558,10,3,Data Engineering,2025-05-26 08:16:00
3559,92,139,Biotechnology,2025-05-11 15:42:00
3560,26,24,Embedded Systems,2025-05-07 14:36:00
3561,80,22,Biotechnology,2025-05-03 20:41:00
3562,36,172,Embedded Systems,2025-05-17 15:43:00
3563,37,152,Robotics,2025-05-20 18:27:00
3564,21,144,Data Engineering,2025-05-24 20:25:00
3565,79,149,Data Engineering,2025-05-28 15:42:00
3566,11,163,Embedded Systems,2025-05-19 13:14:00
3567,19,183,Data Engineering,2025-05-26 17:27:00
3568,11,29,Embedded Systems,2025-05-16 16:41:00
3569,65,64,Robotics,2025-05-22 20:44:00
3570,75,142,Embedded Systems,2025-05-24 14:22:00
3571,54,28,Robotics,2025-05-26 21:51:00
3572,48,169,Biotechnology,2025-05-10 18:02:00
3573,82,155,Robotics,2025-05-10 21:39:00
3574,56,97,Robotics,2025-05-24 12:59:00
3575,47,157,Data Engineering,2025-05-15 16:19:00
3576,2,39,Data Engineering,2025-05-05 16:21:00
3577,36,27,Embedded Systems,2025-05-12 17:48:00
3578,49,63,Embedded Systems,2025-05-18 16:08:00
3579,97,1,Data Engineering,2025-05-26 20:14:00
3580,90,69,Data Engineering,2025-05-23 16:14:00
3581,94,158,Robotics,2025-05-05 12:25:00
3582,89,123,Data Engineering,2025-05-15 17:36:00
3583,18,18,Robotics,2025-05-03 12:04:00
3584,14,55,Biotechnology,2025-05-25 19:15:00
3585,119,92,Biotechnology,2025-05-21 21:10:00
3586,13,53,Embedded Systems,2025-05-07 15:46:00
3587,42,105,Robotics,2025-05-08 08:58:00
3588,87,66,Data Engineering,2025-05-04 14:21:00
3589,3,200,Embedded Systems,2025-05-06 13:58:00
3590,59,72,Embedded Systems,2025-05-09 09:39:00
3591,9,25,Robotics,2025-05-28 11:44:00
3592,96,75,Data Engineering,2025-05-14 14:54:00
3593,112,17,Robotics,2025-05-24 09:49:00
3594,58,133,Embedded Systems,2025-05-20 16:36:00
3595,11,193,Robotics,2025-05-18 16:58:00
3596,88,187,Embedded Systems,2025-05-15 21:35:00
3597,21,38,Embedded Systems,2025-05-15 12:26:00
3598,13,133,Embedded Systems,2025-05-08 21:20:00
3599,87,160,Robotics,2025-05-21 14:16:00
3600,56,140,Embedded Systems,2025-05-23 17:25:00
3601,88,179,Biotechnology,2025-05-10 16:24:00
3602,15,146,Biotechnology,2025-05-11 13:37:00
3603,93,67,Embedded Systems,2025-05-02 09:07:00
3604,39,158,Robotics,2025-05-02 21:43:00
3605,81,200,Embedded Systems,2025-05-08 19:59:00
3606,6,98,Biotechnology,2025-05-04 09:30:00
3607,9,21,Biotechnology,2025-05-08 21:38:00
3608,67,138,Biotechnology,2025-05-13 11:26:00
3609,28,81,Embedded Systems,2025-05-04 16:37:00
3610,14,67,Embedded Systems,2025-05-13 15:00:00
3611,111,13,Biotechnology,2025-05-10 20:08:00
3612,57,77,Robotics,2025-05-06 08:18:00
3613,80,97,Robotics,2025-05-09 20:57:00
3614,73,190,Data Engineering,2025-05-14 15:26:00
3615,84,13,Biotechnology,2025-05-09 10:00:00
3616,61,80,Data Engineering,2025-05-16 20:28:00
3617,6,88,Data Engineering,2025-05-19 15:50:00
3618,117,79,Data Engineering,2025-05-07 20:32:00
3619,28,156,Embedded Systems,2025-05-08 21:50:00
3620,69,95,Data Engineering,2025-05-13 20:08:00
3621,92,163,Embedded Systems,2025-05-11 19:18:00
3622,107,14,Data Engineering,2025-05-11 17:38:00
3623,9,89,Data Engineering,2025-05-01 19:59:00
3624,39,173,Embedded Systems,2025-05-04 10:09:00
3625,77,76,Data Engineering,2025-05-14 15:44:00
3626,80,169,Biotechnology,2025-05-05 20:20:00
3627,6,157,Data Engineering,2025-05-04 09:11:00
3628,12,72,Embedded Systems,2025-05-12 21:32:00
3629,119,65,Embedded Systems,2025-05-21 14:03:00
3630,118,2,Robotics,2025-05-01 09:30:00
3631,79,151,Biotechnology,2025-05-16 19:31:00
3632,18,144,Data Engineering,2025-05-06 17:38:00
3633,3,92,Biotechnology,2025-05-26 12:28:00
3634,49,35,Data Engineering,2025-05-09 21:10:00
3635,9,164,Embedded Systems,2025-05-24 09:58:00
3636,57,43,Robotics,2025-05-08 19:48:00
3637,74,123,Data Engineering,2025-05-12 19:37:00
3638,12,187,Embedded Systems,2025-05-15 16:22:00
3639,58,163,Embedded Systems,2025-05-17 10:19:00
3640,51,33,Embedded Systems,2025-05-17 13:56:00
3641,59,65,Embedded Systems,2025-05-02 08:43:00
3642,76,110,Biotechnology,2025-05-10 18:29:00
3643,103,87,Data Engineering,2025-05-28 09:07:00
3644,22,36,Robotics,2025-05-23 15:18:00
3645,82,198,Data Engineering,2025-05-22 17:46:00
3646,79,22,Biotechnology,2025-05-25 11:15:00
3647,37,171,Robotics,2025-05-16 10:01:00
3648,67,50,Embedded Systems,2025-05-13 18:10:00
3649,44,19,Biotechnology,2025-05-01 18:34:00
3650,8,16,Robotics,2025-05-26 14:15:00
3651,108,11,Data Engineering,2025-05-07 08:24:00
3652,118,156,Embedded Systems,2025-05-11 19:34:00
3653,36,129,Embedded Systems,2025-05-08 13:54:00
3654,2,59,Robotics,2025-05-28 21:44:00
3655,61,163,Embedded Systems,2025-05-23 21:25:00
3656,49,113,Data Engineering,2025-05-17 09:53:00
3657,34,109,Data Engineering,2025-05-09 12:16:00
3658,36,172,Embedded Systems,2025-05-14 08:52:00
3659,90,137,Data Engineering,2025-05-12 19:04:00
3660,46,122,Robotics,2025-05-15 19:50:00
3661,74,142,Embedded Systems,2025-05-08 18:38:00
3662,90,32,Biotechnology,2025-05-17 16:42:00
3663,87,66,Data Engineering,2025-05-26 17:36:00
3664,100,149,Data Engineering,2025-05-17 16:49:00
3665,90,40,Biotechnology,2025-05-20 08:19:00
3666,29,81,Embedded Systems,2025-05-27 15:06:00
3667,80,71,Robotics,2025-05-09 14:14:00
3668,101,10,Robotics,2025-05-20 16:47:00
3669,25,98,Biotechnology,2025-05-05 11:53:00
3670,114,143,Biotechnology,2025-05-15 10:33:00
3671,23,61,Data Engineering,2025-05-05 09:41:00
3672,5,169,Biotechnology,2025-05-13 21:10:00
3673,39,146,Biotechnology,2025-05-17 21:32:00
3674,67,13,Biotechnology,2025-05-07 10:09:00
3675,25,32,Biotechnology,2025-05-01 10:14:00
3676,2,45,Biotechnology,2025-05-23 16:24:00
3677,26,119,Robotics,2025-05-02 08:32:00
3678,109,162,Biotechnology,2025-05-26 18:30:00
3679,6,184,Embedded Systems,2025-05-18 09:52:00
3680,66,76,Data Engineering,2025-05-26 09:18:00
3681,32,16,Robotics,2025-05-18 12:59:00
3682,21,82,Embedded Systems,2025-05-19 16:48:00
3683,37,13,Biotechnology,2025-05-26 20:49:00
3684,40,141,Robotics,2025-05-11 12:26:00
3685,16,151,Biotechnology,2025-05-02 08:12:00
3686,2,188,Embedded Systems,2025-05-27 20:25:00
3687,48,47,Data Engineering,2025-05-11 19:37:00
3688,12,98,Biotechnology,2025-05-11 08:57:00
3689,94,177,Embedded Systems,2025-05-22 14:27:00
3690,2,69,Data Engineering,2025-05-21 14:58:00
3691,19,95,Data Engineering,2025-05-23 09:45:00
3692,1,58,Data Engineering,2025-05-15 16:20:00
3693,59,26,Robotics,2025-05-25 17:30:00
3694,2,11,Data Engineering,2025-05-12 20:35:00
3695,92,195,Embedded Systems,2025-05-18 11:18:00
3696,88,142,Embedded Systems,2025-05-06 14:38:00
3697,63,118,Embedded Systems,2025-05-18 14:35:00
3698,110,143,Biotechnology,2025-05-04 15:33:00
3699,58,175,Data Engineering,2025-05-20 09:23:00
3700,114,8,Biotechnology,2025-05-14 10:23:00
3701,68,117,Robotics,2025-05-13 08:44:00
3702,7,153,Robotics,2025-05-03 10:27:00
3703,44,180,Data Engineering,2025-05-28 18:33:00
3704,39,148,Embedded Systems,2025-05-13 08:19:00
3705,1,21,Biotechnology,2025-05-25 17:23:00
3706,92,36,Robotics,2025-05-12 13:32:00
3707,15,81,Embedded Systems,2025-05-16 15:18:00
3708,29,181,Embedded Systems,2025-05-16 12:24:00
3709,20,155,Robotics,2025-05-04 16:43:00
3710,61,166,Embedded Systems,2025-05-03 17:45:00
3711,29,152,Robotics,2025-05-14 12:11:00
3712,112,42,Embedded Systems,2025-05-11 16:37:00
3713,51,20,Biotechnology,2025-05-24 19:23:00
3714,13,69,Data Engineering,2025-05-18 13:43:00
3715,8,76,Data Engineering,2025-05-11 14:49:00
3716,97,130,Data Engineering,2025-05-05 10:54:00
3717,1,94,Biotechnology,2025-05-23 17:01:00
3718,88,188,Embedded Systems,2025-05-08 19:57:00
3719,9,88,Data Engineering,2025-05-15 10:13:00
3720,80,35,Data Engineering,2025-05-06 16:10:00
3721,48,144,Data Engineering,2025-05-01 08:05:00
3722,101,125,Biotechnology,2025-05-06 10:44:00
3723,33,68,Embedded Systems,2025-05-05 14:04:00
3724,65,100,Embedded Systems,2025-05-26 20:23:00
3725,14,2,Robotics,2025-05-26 13:35:00
3726,114,165,Robotics,2025-05-03 09:36:00
3727,73,96,Data Engineering,2025-05-28 15:56:00
3728,78,28,Robotics,2025-05-11 10:27:00
3729,6,21,Biotechnology,2025-05-12 11:52:00
3730,96,113,Data Engineering,2025-05-05 11:02:00
3731,94,9,Embedded Systems,2025-05-19 13:43:00
3732,112,4,Embedded Systems,2025-05-09 19:53:00
3733,116,168,Robotics,2025-05-19 20:19:00
3734,82,144,Data Engineering,2025-05-08 20:41:00
3735,61,37,Data Engineering,2025-05-14 17:35:00
3736,90,147,Embedded Systems,2025-05-12 10:38:00
3737,80,66,Data Engineering,2025-05-25 09:26:00
3738,118,188,Embedded Systems,2025-05-05 15:12:00
3739,9,80,Data Engineering,2025-05-25 19:49:00
3740,67,19,Biotechnology,2025-05-02 10:22:00
3741,105,199,Data Engineering,2025-05-13 11:43:00
3742,50,47,Data Engineering,2025-05-07 20:50:00
3743,57,187,Embedded Systems,2025-05-17 20:56:00
3744,35,62,Robotics,2025-05-14 16:03:00
3745,118,104,Robotics,2025-05-14 08:47:00
3746,114,110,Biotechnology,2025-05-18 11:45:00
3747,111,65,Embedded Systems,2025-05-17 11:35:00
3748,40,78,Embedded Systems,2025-05-08 14:58:00
3749,39,162,Biotechnology,2025-05-05 16:03:00
3750,77,85,Data Engineering,2025-05-27 15:59:00
3751,48,71,Robotics,2025-05-15 17:21:00
3752,79,91,Biotechnology,2025-05-06 11:36:00
3753,2,47,Data Engineering,2025-05-02 16:59:00
3754,41,86,Robotics,2025-05-02 15:40:00
3755,6,180,Data Engineering,2025-05-22 17:06:00
3756,18,60,Data Engineering,2025-05-04 15:49:00
3757,12,130,Data Engineering,2025-05-22 08:09:00
3758,82,85,Data Engineering,2025-05-15 18:24:00
3759,25,14,Data Engineering,2025-05-21 08:25:00
3760,51,184,Embedded Systems,2025-05-11 21:58:00
3761,10,69,Data Engineering,2025-05-06 08:57:00
3762,26,22,Biotechnology,2025-05-11 20:50:00
3763,14,145,Robotics,2025-05-01 10:55:00
3764,82,107,Data Engineering,2025-05-02 09:20:00
3765,39,29,Embedded Systems,2025-05-12 20:41:00
3766,35,176,Data Engineering,2025-05-21 17:21:00
3767,11,9,Embedded Systems,2025-05-27 15:06:00
3768,40,196,Robotics,2025-05-28 10:29:00
3769,80,153,Robotics,2025-05-23 19:37:00
3770,8,173,Embedded Systems,2025-05-08 18:48:00
3771,87,17,Robotics,2025-05-10 18:39:00
3772,90,56,Embedded Systems,2025-05-01 11:44:00
3773,48,149,Data Engineering,2025-05-12 10:02:00
3774,99,55,Biotechnology,2025-05-20 19:48:00
3775,69,73,Robotics,2025-05-21 17:58:00
3776,119,25,Robotics,2025-05-11 17:39:00
3777,44,45,Biotechnology,2025-05-25 20:15:00
3778,42,96,Data Engineering,2025-05-02 13:24:00
3779,81,19,Biotechnology,2025-05-16 17:36:00
3780,87,4,Embedded Systems,2025-05-19 14:58:00
3781,85,141,Robotics,2025-05-23 15:30:00
3782,55,68,Embedded Systems,2025-05-16 16:17:00
3783,83,178,Robotics,2025-05-07 18:12:00
3784,39,146,Biotechnology,2025-05-23 13:55:00
3785,68,58,Data Engineering,2025-05-16 15:24:00
3786,22,195,Embedded Systems,2025-05-11 08:13:00
3787,6,42,Embedded Systems,2025-05-03 15:13:00
3788,29,98,Biotechnology,2025-05-13 10:18:00
3789,57,28,Robotics,2025-05-06 17:03:00
3790,35,161,Robotics,2025-05-08 20:14:00
3791,20,79,Data Engineering,2025-05-03 08:47:00
3792,92,9,Embedded Systems,2025-05-27 18:02:00
3793,105,92,Biotechnology,2025-05-18 14:32:00
3794,35,65,Embedded Systems,2025-05-04 09:24:00
3795,29,101,Data Engineering,2025-05-20 08:18:00
3796,103,174,Robotics,2025-05-11 20:56:00
3797,102,145,Robotics,2025-05-11 21:36:00
3798,114,48,Biotechnology,2025-05-24 17:49:00
3799,68,109,Data Engineering,2025-05-02 11:53:00
3800,38,62,Robotics,2025-05-26 08:56:00
3801,82,178,Robotics,2025-05-12 16:11:00
3802,91,20,Biotechnology,2025-05-01 19:38:00
3803,98,33,Embedded Systems,2025-05-04 09:51:00
3804,31,89,Data Engineering,2025-05-25 16:00:00
3805,120,47,Data Engineering,2025-05-06 09:41:00
3806,25,156,Embedded Systems,2025-05-12 16:50:00
3807,95,32,Biotechnology,2025-05-24 08:43:00
3808,84,94,Biotechnology,2025-05-04 20:07:00
3809,82,129,Embedded Systems,2025-05-11 16:35:00
3810,104,21,Biotechnology,2025-05-19 19:29:00
3811,24,177,Embedded Systems,2025-05-23 09:24:00
3812,8,143,Biotechnology,2025-05-25 20:21:00
3813,120,61,Data Engineering,2025-05-20 21:13:00
3814,83,18,Robotics,2025-05-20 10:32:00
3815,34,149,Data Engineering,2025-05-26 16:17:00
3816,40,85,Data Engineering,2025-05-02 18:06:00
3817,112,132,Embedded Systems,2025-05-06 08:03:00
3818,105,46,Data Engineering,2025-05-10 16:08:00
3819,118,161,Robotics,2025-05-05 18:09:00
3820,61,16,Robotics,2025-05-09 15:17:00
3821,28,168,Robotics,2025-05-24 21:33:00
3822,71,192,Data Engineering,2025-05-12 17:38:00
3823,6,182,Robotics,2025-05-22 10:47:00
3824,17,161,Robotics,2025-05-21 11:03:00
3825,81,71,Robotics,2025-05-08 21:08:00
3826,59,34,Robotics,2025-05-28 10:44:00
3827,40,27,Embedded Systems,2025-05-02 20:48:00
3828,92,34,Robotics,2025-05-11 08:26:00
3829,2,65,Embedded Systems,2025-05-22 21:03:00
3830,70,89,Data Engineering,2025-05-27 15:29:00
3831,24,118,Embedded Systems,2025-05-20 16:14:00
3832,80,34,Robotics,2025-05-21 10:38:00
3833,20,23,Robotics,2025-05-16 12:24:00
3834,36,156,Embedded Systems,2025-05-19 19:33:00
3835,8,56,Embedded Systems,2025-05-09 11:53:00
3836,48,190,Data Engineering,2025-05-03 17:24:00
3837,96,101,Data Engineering,2025-05-03 20:55:00
3838,50,52,Embedded Systems,2025-05-01 16:03:00
3839,76,94,Biotechnology,2025-05-27 14:53:00
3840,8,101,Data Engineering,2025-05-13 11:44:00
3841,10,101,Data Engineering,2025-05-17 20:25:00
3842,69,93,Embedded Systems,2025-05-19 12:49:00
3843,39,196,Robotics,2025-05-02 15:27:00
3844,81,101,Data Engineering,2025-05-20 20:12:00
3845,92,184,Embedded Systems,2025-05-12 08:19:00
3846,37,166,Embedded Systems,2025-05-15 11:08:00
3847,84,44,Biotechnology,2025-05-27 09:05:00
3848,35,76,Data Engineering,2025-05-26 14:42:00
3849,87,36,Robotics,2025-05-21 16:44:00
3850,35,83,Biotechnology,2025-05-04 18:32:00
3851,11,132,Embedded Systems,2025-05-18 19:31:00
3852,74,153,Robotics,2025-05-24 17:59:00
3853,55,105,Robotics,2025-05-24 12:58:00
3854,103,183,Data Engineering,2025-05-19 18:24:00
3855,77,68,Embedded Systems,2025-05-26 11:56:00
3856,116,35,Data Engineering,2025-05-10 15:11:00
3857,45,94,Biotechnology,2025-05-08 11:15:00
3858,114,67,Embedded Systems,2025-05-02 20:44:00
3859,81,62,Robotics,2025-05-28 18:33:00
3860,76,128,Biotechnology,2025-05-24 12:23:00
3861,47,120,Data Engineering,2025-05-23 17:43:00
3862,78,69,Data Engineering,2025-05-13 17:45:00
3863,36,185,Robotics,2025-05-25 18:21:00
3864,55,52,Embedded Systems,2025-05-14 13:36:00
3865,36,121,Embedded Systems,2025-05-13 19:38:00
3866,12,199,Data Engineering,2025-05-14 11:57:00
3867,38,72,Embedded Systems,2025-05-11 12:23:00
3868,2,6,Data Engineering,2025-05-19 13:59:00
3869,39,159,Embedded Systems,2025-05-03 21:21:00
3870,70,48,Biotechnology,2025-05-11 20:23:00
3871,69,148,Embedded Systems,2025-05-28 15:11:00
3872,33,29,Embedded Systems,2025-05-15 21:17:00
3873,100,35,Data Engineering,2025-05-04 12:11:00
3874,54,99,Biotechnology,2025-05-02 18:16:00
3875,41,167,Embedded Systems,2025-05-08 20:57:00
3876,94,41,Biotechnology,2025-05-10 20:20:00
3877,10,80,Data Engineering,2025-05-15 17:26:00
3878,54,57,Robotics,2025-05-04 18:57:00
3879,110,5,Data Engineering,2025-05-22 19:07:00
3880,95,127,Biotechnology,2025-05-06 10:59:00
3881,102,31,Robotics,2025-05-03 16:17:00
3882,81,82,Embedded Systems,2025-05-27 18:17:00
3883,51,190,Data Engineering,2025-05-17 20:29:00
3884,115,67,Embedded Systems,2025-05-02 09:31:00
3885,36,50,Embedded Systems,2025-05-28 18:59:00
3886,90,174,Robotics,2025-05-26 13:56:00
3887,31,190,Data Engineering,2025-05-15 15:28:00
3888,88,34,Robotics,2025-05-22 13:26:00
3889,2,49,Robotics,2025-05-04 12:58:00
3890,11,16,Robotics,2025-05-25 18:44:00
3891,94,92,Biotechnology,2025-05-18 09:01:00
3892,88,95,Data Engineering,2025-05-22 08:02:00
3893,57,7,Embedded Systems,2025-05-22 10:46:00
3894,39,33,Embedded Systems,2025-05-11 15:42:00
3895,8,50,Embedded Systems,2025-05-20 12:14:00
3896,17,147,Embedded Systems,2025-05-07 20:25:00
3897,81,136,Robotics,2025-05-16 10:58:00
3898,41,9,Embedded Systems,2025-05-13 17:22:00
3899,61,90,Data Engineering,2025-05-13 10:58:00
3900,39,185,Robotics,2025-05-19 19:40:00
3901,43,125,Biotechnology,2025-05-24 13:39:00
3902,101,91,Biotechnology,2025-05-22 11:58:00
3903,31,61,Data Engineering,2025-05-21 19:49:00
3904,40,114,Robotics,2025-05-17 17:38:00
3905,75,45,Biotechnology,2025-05-28 15:44:00
3906,92,178,Robotics,2025-05-08 20:22:00
3907,73,58,Data Engineering,2025-05-14 09:32:00
3908,55,90,Data Engineering,2025-05-03 08:35:00
3909,39,118,Embedded Systems,2025-05-13 17:31:00
3910,93,31,Robotics,2025-05-27 21:12:00
3911,3,98,Biotechnology,2025-05-16 09:09:00
3912,110,102,Data Engineering,2025-05-28 21:35:00
3913,67,57,Robotics,2025-05-18 18:11:00
3914,115,181,Embedded Systems,2025-05-22 20:53:00
3915,51,162,Biotechnology,2025-05-18 21:16:00
3916,41,200,Embedded Systems,2025-05-11 15:48:00
3917,42,68,Embedded Systems,2025-05-07 19:09:00
3918,110,37,Data Engineering,2025-05-17 08:40:00
3919,38,28,Robotics,2025-05-05 13:35:00
3920,68,172,Embedded Systems,2025-05-23 21:42:00
3921,35,176,Data Engineering,2025-05-06 19:22:00
3922,39,104,Robotics,2025-05-27 17:21:00
3923,8,55,Biotechnology,2025-05-13 11:53:00
3924,56,163,Embedded Systems,2025-05-26 11:04:00
3925,14,166,Embedded Systems,2025-05-09 14:43:00
3926,43,126,Data Engineering,2025-05-01 15:42:00
3927,70,81,Embedded Systems,2025-05-25 09:41:00
3928,2,144,Data Engineering,2025-05-22 09:14:00
3929,69,199,Data Engineering,2025-05-22 08:32:00
3930,31,74,Robotics,2025-05-27 19:30:00
3931,10,169,Biotechnology,2025-05-11 19:17:00
3932,71,122,Robotics,2025-05-09 17:04:00
3933,78,45,Biotechnology,2025-05-12 09:27:00
3934,20,185,Robotics,2025-05-19 20:58:00
3935,93,173,Embedded Systems,2025-05-09 08:36:00
3936,83,172,Embedded Systems,2025-05-19 11:37:00
3937,98,83,Biotechnology,2025-05-12 20:11:00
3938,2,16,Robotics,2025-05-26 10:01:00
3939,36,65,Embedded Systems,2025-05-22 08:04:00
3940,59,160,Robotics,2025-05-05 19:42:00
3941,20,23,Robotics,2025-05-07 17:15:00
3942,108,193,Robotics,2025-05-20 14:29:00
3943,78,137,Data Engineering,2025-05-13 08:36:00
3944,20,134,Robotics,2025-05-06 14:31:00
3945,39,124,Robotics,2025-05-05 15:41:00
3946,4,100,Embedded Systems,2025-05-11 19:36:00
3947,111,136,Robotics,2025-05-21 16:26:00
3948,43,91,Biotechnology,2025-05-21 18:36:00
3949,29,179,Biotechnology,2025-05-20 09:40:00
3950,52,198,Data Engineering,2025-05-07 08:32:00
3951,69,173,Embedded Systems,2025-05-11 10:14:00
3952,36,32,Biotechnology,2025-05-04 17:04:00
3953,90,91,Biotechnology,2025-05-16 20:24:00
3954,67,70,Biotechnology,2025-05-15 20:58:00
3955,12,73,Robotics,2025-05-01 10:26:00
3956,52,144,Data Engineering,2025-05-10 16:42:00
3957,88,196,Robotics,2025-05-10 17:28:00
3958,70,152,Robotics,2025-05-03 14:52:00
3959,78,52,Embedded Systems,2025-05-14 19:02:00
3960,5,66,Data Engineering,2025-05-14 11:22:00
3961,55,81,Embedded Systems,2025-05-02 17:47:00
3962,68,99,Biotechnology,2025-05-20 10:29:00
3963,108,113,Data Engineering,2025-05-19 18:22:00
3964,83,36,Robotics,2025-05-08 13:13:00
3965,70,13,Biotechnology,2025-05-24 08:11:00
3966,32,95,Data Engineering,2025-05-17 10:29:00
3967,51,106,Biotechnology,2025-05-08 09:54:00
3968,75,81,Embedded Systems,2025-05-20 14:22:00
3969,94,73,Robotics,2025-05-08 12:21:00
3970,67,193,Robotics,2025-05-24 11:19:00
3971,20,182,Robotics,2025-05-26 12:39:00
3972,119,32,Biotechnology,2025-05-19 11:48:00
3973,58,156,Embedded Systems,2025-05-09 17:28:00
3974,59,73,Robotics,2025-05-14 12:01:00
3975,98,135,Embedded Systems,2025-05-23 16:10:00
3976,75,38,Embedded Systems,2025-05-17 14:08:00
3977,84,155,Robotics,2025-05-07 17:42:00
3978,88,137,Data Engineering,2025-05-19 21:59:00
3979,36,70,Biotechnology,2025-05-04 08:57:00
3980,28,195,Embedded Systems,2025-05-02 19:11:00
3981,90,30,Embedded Systems,2025-05-16 13:19:00
3982,65,133,Embedded Systems,2025-05-21 19:50:00
3983,92,106,Biotechnology,2025-05-26 17:08:00
3984,56,200,Embedded Systems,2025-05-01 08:19:00
3985,69,72,Embedded Systems,2025-05-13 09:09:00
3986,12,186,Embedded Systems,2025-05-27 08:09:00
3987,13,189,Biotechnology,2025-05-25 09:13:00
3988,41,188,Embedded Systems,2025-05-13 21:22:00
3989,48,136,Robotics,2025-05-11 17:21:00
3990,55,161,Robotics,2025-05-01 16:27:00
3991,73,21,Biotechnology,2025-05-03 12:45:00
3992,40,93,Embedded Systems,2025-05-09 19:20:00
3993,18,102,Data Engineering,2025-05-03 11:59:00
3994,8,139,Biotechnology,2025-05-07 12:56:00
3995,70,47,Data Engineering,2025-05-06 18:47:00
3996,44,35,Data Engineering,2025-05-07 12:29:00
3997,70,75,Data Engineering,2025-05-07 18:06:00
3998,115,5,Data Engineering,2025-05-15 19:37:00
3999,119,107,Data Engineering,2025-05-22 20:42:00
4000,65,102,Data Engineering,2025-05-01 08:35:00
4001,31,167,Embedded Systems,2025-05-19 21:17:00
4002,116,98,Biotechnology,2025-05-05 20:41:00
4003,113,23,Robotics,2025-05-15 12:04:00
4004,7,120,Data Engineering,2025-05-10 11:53:00
4005,51,82,Embedded Systems,2025-05-18 20:50:00
4006,23,94,Biotechnology,2025-05-27 16:39:00
4007,77,72,Embedded Systems,2025-05-06 15:48:00
4008,88,87,Data Engineering,2025-05-25 10:12:00
4009,35,52,Embedded Systems,2025-05-20 20:14:00
4010,29,3,Data Engineering,2025-05-11 14:36:00
4011,6,28,Robotics,2025-05-08 08:14:00
4012,104,51,Robotics,2025-05-15 09:46:00
4013,93,178,Robotics,2025-05-26 15:23:00
4014,73,3,Data Engineering,2025-05-05 20:30:00
4015,53,157,Data Engineering,2025-05-08 19:03:00
4016,76,45,Biotechnology,2025-05-07 08:05:00
4017,87,45,Biotechnology,2025-05-18 20:16:00
4018,5,125,Biotechnology,2025-05-07 12:45:00
4019,67,34,Robotics,2025-05-15 09:51:00
4020,93,149,Data Engineering,2025-05-25 08:05:00
4021,116,117,Robotics,2025-05-22 20:08:00
4022,63,75,Data Engineering,2025-05-02 15:52:00
4023,58,185,Robotics,2025-05-22 16:29:00
4024,13,187,Embedded Systems,2025-05-16 18:40:00
4025,58,177,Embedded Systems,2025-05-14 09:39:00
4026,26,154,Data Engineering,2025-05-09 08:24:00
4027,51,93,Embedded Systems,2025-05-18 21:58:00
4028,117,113,Data Engineering,2025-05-16 18:09:00
4029,12,87,Data Engineering,2025-05-06 10:20:00
4030,98,154,Data Engineering,2025-05-26 19:21:00
4031,104,99,Biotechnology,2025-05-10 19:16:00
4032,20,130,Data Engineering,2025-05-08 15:15:00
4033,20,161,Robotics,2025-05-26 10:06:00
4034,12,34,Robotics,2025-05-04 16:29:00
4035,78,132,Embedded Systems,2025-05-23 16:26:00
4036,20,191,Robotics,2025-05-15 21:03:00
4037,6,125,Biotechnology,2025-05-26 18:59:00
4038,60,58,Data Engineering,2025-05-04 17:39:00
4039,80,159,Embedded Systems,2025-05-06 17:20:00
4040,90,189,Biotechnology,2025-05-16 09:11:00
4041,98,45,Biotechnology,2025-05-13 19:16:00
4042,103,64,Robotics,2025-05-06 10:01:00
4043,21,93,Embedded Systems,2025-05-04 14:11:00
4044,81,97,Robotics,2025-05-09 17:56:00
4045,40,166,Embedded Systems,2025-05-07 19:47:00
4046,94,1,Data Engineering,2025-05-07 12:18:00
4047,7,78,Embedded Systems,2025-05-10 16:53:00
4048,75,133,Embedded Systems,2025-05-01 12:29:00
4049,2,6,Data Engineering,2025-05-12 17:43:00
4050,80,97,Robotics,2025-05-03 17:49:00
4051,102,81,Embedded Systems,2025-05-16 12:39:00
4052,48,180,Data Engineering,2025-05-21 18:13:00
4053,71,41,Biotechnology,2025-05-11 14:14:00
4054,83,69,Data Engineering,2025-05-16 13:50:00
4055,72,44,Biotechnology,2025-05-19 10:01:00
4056,88,108,Embedded Systems,2025-05-12 16:05:00
4057,19,37,Data Engineering,2025-05-21 13:36:00
4058,21,186,Embedded Systems,2025-05-10 09:04:00
4059,115,83,Biotechnology,2025-05-25 14:13:00
4060,53,11,Data Engineering,2025-05-11 20:42:00
4061,41,180,Data Engineering,2025-05-14 11:29:00
4062,22,172,Embedded Systems,2025-05-14 10:52:00
4063,79,160,Robotics,2025-05-06 08:27:00
4064,58,97,Robotics,2025-05-20 16:01:00
4065,42,166,Embedded Systems,2025-05-07 11:46:00
4066,11,28,Robotics,2025-05-02 12:36:00
4067,31,137,Data Engineering,2025-05-28 10:04:00
4068,35,165,Robotics,2025-05-04 21:11:00
4069,59,20,Biotechnology,2025-05-17 18:58:00
4070,65,29,Embedded Systems,2025-05-28 14:34:00
4071,69,107,Data Engineering,2025-05-10 08:06:00
4072,74,196,Robotics,2025-05-09 16:34:00
4073,62,15,Biotechnology,2025-05-25 10:53:00
4074,85,173,Embedded Systems,2025-05-06 17:59:00
4075,59,129,Embedded Systems,2025-05-21 16:30:00
4076,61,63,Embedded Systems,2025-05-25 19:24:00
4077,88,164,Embedded Systems,2025-05-24 12:49:00
4078,94,191,Robotics,2025-05-24 10:13:00
4079,14,76,Data Engineering,2025-05-05 19:59:00
4080,25,112,Data Engineering,2025-05-07 10:01:00
4081,6,79,Data Engineering,2025-05-06 17:16:00
4082,25,137,Data Engineering,2025-05-10 19:31:00
4083,68,131,Biotechnology,2025-05-28 19:55:00
4084,102,29,Embedded Systems,2025-05-05 21:48:00
4085,61,105,Robotics,2025-05-19 19:33:00
4086,61,25,Robotics,2025-05-07 09:47:00
4087,49,141,Robotics,2025-05-14 14:26:00
4088,87,6,Data Engineering,2025-05-23 08:03:00
4089,41,2,Robotics,2025-05-24 10:34:00
4090,68,87,Data Engineering,2025-05-07 21:06:00
4091,8,1,Data Engineering,2025-05-11 20:11:00
4092,103,70,Biotechnology,2025-05-08 16:45:00
4093,66,1,Data Engineering,2025-05-06 14:53:00
4094,14,158,Robotics,2025-05-02 15:25:00
4095,24,137,Data Engineering,2025-05-15 20:27:00
4096,25,63,Embedded Systems,2025-05-18 11:56:00
4097,85,129,Embedded Systems,2025-05-22 20:56:00
4098,112,53,Embedded Systems,2025-05-14 19:05:00
4099,25,130,Data Engineering,2025-05-21 16:58:00
4100,49,193,Robotics,2025-05-13 15:06:00
4101,70,64,Robotics,2025-05-25 09:00:00
4102,99,20,Biotechnology,2025-05-26 10:12:00
4103,21,58,Data Engineering,2025-05-22 16:54:00
4104,31,131,Biotechnology,2025-05-06 15:47:00
4105,8,154,Data Engineering,2025-05-16 13:45:00
4106,82,196,Robotics,2025-05-13 15:31:00
4107,7,99,Biotechnology,2025-05-14 20:40:00
4108,37,186,Embedded Systems,2025-05-01 18:57:00
4109,52,138,Biotechnology,2025-05-08 20:04:00
4110,98,160,Robotics,2025-05-14 09:29:00
4111,44,129,Embedded Systems,2025-05-19 14:37:00
4112,92,137,Data Engineering,2025-05-23 12:22:00
4113,7,170,Robotics,2025-05-23 21:46:00
4114,46,39,Data Engineering,2025-05-23 21:25:00
4115,33,137,Data Engineering,2025-05-20 21:22:00
4116,20,148,Embedded Systems,2025-05-15 11:19:00
4117,36,158,Robotics,2025-05-11 13:14:00
4118,94,155,Robotics,2025-05-21 18:00:00
4119,69,196,Robotics,2025-05-05 17:55:00
4120,59,156,Embedded Systems,2025-05-21 15:09:00
4121,93,196,Robotics,2025-05-19 12:04:00
4122,87,196,Robotics,2025-05-16 08:35:00
4123,103,1,Data Engineering,2025-05-15 12:43:00
4124,94,175,Data Engineering,2025-05-12 18:39:00
4125,61,147,Embedded Systems,2025-05-03 16:12:00
4126,98,156,Embedded Systems,2025-05-04 14:29:00
4127,103,63,Embedded Systems,2025-05-17 18:21:00
4128,25,53,Embedded Systems,2025-05-13 12:49:00
4129,51,150,Biotechnology,2025-05-10 13:00:00
4130,118,155,Robotics,2025-05-26 14:56:00
4131,33,3,Data Engineering,2025-05-04 21:56:00
4132,29,9,Embedded Systems,2025-05-15 08:25:00
4133,104,103,Data Engineering,2025-05-02 08:53:00
4134,57,140,Embedded Systems,2025-05-12 16:06:00
4135,94,198,Data Engineering,2025-05-18 17:35:00
4136,93,49,Robotics,2025-05-11 15:19:00
4137,66,171,Robotics,2025-05-20 17:47:00
4138,25,122,Robotics,2025-05-18 13:26:00
4139,77,61,Data Engineering,2025-05-26 13:58:00
4140,46,4,Embedded Systems,2025-05-02 18:22:00
4141,88,185,Robotics,2025-05-04 17:56:00
4142,42,200,Embedded Systems,2025-05-01 13:24:00
4143,46,75,Data Engineering,2025-05-25 17:12:00
4144,79,113,Data Engineering,2025-05-10 14:28:00
4145,93,146,Biotechnology,2025-05-24 08:41:00
4146,36,31,Robotics,2025-05-14 18:51:00
4147,42,9,Embedded Systems,2025-05-14 13:56:00
4148,51,177,Embedded Systems,2025-05-09 12:19:00
4149,11,65,Embedded Systems,2025-05-13 15:17:00
4150,93,171,Robotics,2025-05-18 14:52:00
4151,7,96,Data Engineering,2025-05-13 10:50:00
4152,74,200,Embedded Systems,2025-05-12 17:38:00
4153,19,112,Data Engineering,2025-05-14 20:11:00
4154,26,48,Biotechnology,2025-05-20 08:21:00
4155,108,61,Data Engineering,2025-05-21 18:18:00
4156,35,113,Data Engineering,2025-05-10 15:57:00
4157,65,100,Embedded Systems,2025-05-22 20:20:00
4158,103,96,Data Engineering,2025-05-14 13:10:00
4159,94,25,Robotics,2025-05-18 11:20:00
4160,21,2,Robotics,2025-05-05 12:21:00
4161,25,187,Embedded Systems,2025-05-06 19:53:00
4162,56,153,Robotics,2025-05-13 10:42:00
4163,111,48,Biotechnology,2025-05-03 19:49:00
4164,31,121,Embedded Systems,2025-05-21 15:31:00
4165,52,41,Biotechnology,2025-05-18 18:34:00
4166,78,188,Embedded Systems,2025-05-18 13:45:00
4167,74,173,Embedded Systems,2025-05-06 10:37:00
4168,78,172,Embedded Systems,2025-05-05 19:54:00
4169,26,81,Embedded Systems,2025-05-17 13:31:00
4170,77,95,Data Engineering,2025-05-03 08:21:00
4171,108,14,Data Engineering,2025-05-02 13:19:00
4172,77,154,Data Engineering,2025-05-15 12:17:00
4173,81,121,Embedded Systems,2025-05-21 11:22:00
4174,76,198,Data Engineering,2025-05-28 16:46:00
4175,38,191,Robotics,2025-05-27 20:54:00
4176,69,119,Robotics,2025-05-23 20:36:00
4177,67,118,Embedded Systems,2025-05-28 17:13:00
4178,113,10,Robotics,2025-05-17 16:01:00
4179,46,57,Robotics,2025-05-14 09:55:00
4180,33,18,Robotics,2025-05-21 16:58:00
4181,51,154,Data Engineering,2025-05-02 16:30:00
4182,34,130,Data Engineering,2025-05-26 16:04:00
4183,56,91,Biotechnology,2025-05-16 11:00:00
4184,51,74,Robotics,2025-05-11 18:04:00
4185,98,81,Embedded Systems,2025-05-23 12:26:00
4186,29,84,Data Engineering,2025-05-11 19:14:00
4187,92,124,Robotics,2025-05-02 09:32:00
4188,44,145,Robotics,2025-05-22 15:12:00
4189,65,75,Data Engineering,2025-05-16 09:47:00
4190,65,123,Data Engineering,2025-05-06 17:51:00
4191,12,102,Data Engineering,2025-05-10 11:13:00
4192,104,102,Data Engineering,2025-05-19 12:56:00
4193,94,97,Robotics,2025-05-09 13:03:00
4194,98,157,Data Engineering,2025-05-26 08:44:00
4195,77,10,Robotics,2025-05-16 11:36:00
4196,41,5,Data Engineering,2025-05-27 18:45:00
4197,18,88,Data Engineering,2025-05-18 17:26:00
4198,65,170,Robotics,2025-05-06 18:18:00
4199,118,100,Embedded Systems,2025-05-25 16:19:00
4200,107,159,Embedded Systems,2025-05-22 17:46:00
4201,98,118,Embedded Systems,2025-05-06 16:58:00
4202,105,95,Data Engineering,2025-05-11 18:45:00
4203,119,147,Embedded Systems,2025-05-05 16:47:00
4204,7,29,Embedded Systems,2025-05-05 09:28:00
4205,20,191,Robotics,2025-05-27 10:19:00
4206,102,136,Robotics,2025-05-03 15:00:00
4207,63,85,Data Engineering,2025-05-09 13:51:00
4208,93,26,Robotics,2025-05-07 14:31:00
4209,62,195,Embedded Systems,2025-05-13 16:06:00
4210,44,22,Biotechnology,2025-05-21 08:13:00
4211,94,136,Robotics,2025-05-28 16:07:00
4212,44,199,Data Engineering,2025-05-20 15:53:00
4213,68,138,Biotechnology,2025-05-19 08:56:00
4214,74,6,Data Engineering,2025-05-28 21:46:00
4215,37,147,Embedded Systems,2025-05-27 09:28:00
4216,63,120,Data Engineering,2025-05-11 10:35:00
4217,70,109,Data Engineering,2025-05-08 21:50:00
4218,115,96,Data Engineering,2025-05-11 19:32:00
4219,88,138,Biotechnology,2025-05-15 19:00:00
4220,40,197,Biotechnology,2025-05-05 18:25:00
4221,16,6,Data Engineering,2025-05-19 11:50:00
4222,49,150,Biotechnology,2025-05-28 16:08:00
4223,39,147,Embedded Systems,2025-05-21 21:20:00
4224,73,90,Data Engineering,2025-05-02 17:03:00
4225,24,177,Embedded Systems,2025-05-28 16:45:00
4226,65,32,Biotechnology,2025-05-02 10:19:00
4227,29,55,Biotechnology,2025-05-03 13:59:00
4228,63,179,Biotechnology,2025-05-07 14:48:00
4229,76,103,Data Engineering,2025-05-03 11:44:00
4230,103,90,Data Engineering,2025-05-13 17:15:00
4231,14,54,Robotics,2025-05-23 08:40:00
4232,94,86,Robotics,2025-05-03 13:40:00
4233,44,75,Data Engineering,2025-05-03 18:21:00
4234,33,99,Biotechnology,2025-05-16 17:11:00
4235,25,92,Biotechnology,2025-05-04 14:18:00
4236,11,64,Robotics,2025-05-22 10:53:00
4237,55,131,Biotechnology,2025-05-06 15:01:00
4238,82,41,Biotechnology,2025-05-25 18:24:00
4239,56,105,Robotics,2025-05-10 10:33:00
4240,50,22,Biotechnology,2025-05-09 09:52:00
4241,9,181,Embedded Systems,2025-05-04 17:44:00
4242,41,119,Robotics,2025-05-07 13:34:00
4243,49,163,Embedded Systems,2025-05-09 08:23:00
4244,109,32,Biotechnology,2025-05-18 08:08:00
4245,2,126,Data Engineering,2025-05-05 15:26:00
4246,118,54,Robotics,2025-05-28 09:16:00
4247,59,163,Embedded Systems,2025-05-15 09:33:00
4248,71,194,Robotics,2025-05-26 11:59:00
4249,97,6,Data Engineering,2025-05-26 08:26:00
4250,119,127,Biotechnology,2025-05-21 19:58:00
4251,34,1,Data Engineering,2025-05-17 16:48:00
4252,61,72,Embedded Systems,2025-05-25 12:55:00
4253,43,82,Embedded Systems,2025-05-28 19:15:00
4254,90,197,Biotechnology,2025-05-05 21:31:00
4255,42,32,Biotechnology,2025-05-01 18:27:00
4256,119,142,Embedded Systems,2025-05-26 09:48:00
4257,95,99,Biotechnology,2025-05-25 19:49:00
4258,42,9,Embedded Systems,2025-05-19 16:48:00
4259,60,134,Robotics,2025-05-07 16:30:00
4260,44,114,Robotics,2025-05-17 11:46:00
4261,49,60,Data Engineering,2025-05-25 15:28:00
4262,12,4,Embedded Systems,2025-05-23 08:38:00
4263,26,4,Embedded Systems,2025-05-12 11:32:00
4264,118,164,Embedded Systems,2025-05-06 16:08:00
4265,46,102,Data Engineering,2025-05-26 10:02:00
4266,37,68,Embedded Systems,2025-05-28 21:14:00
4267,72,22,Biotechnology,2025-05-15 15:08:00
4268,61,2,Robotics,2025-05-03 08:03:00
4269,81,182,Robotics,2025-05-27 19:17:00
4270,36,26,Robotics,2025-05-09 13:49:00
4271,77,62,Robotics,2025-05-02 17:30:00
4272,20,183,Data Engineering,2025-05-21 10:09:00
4273,104,193,Robotics,2025-05-01 17:46:00
4274,35,189,Biotechnology,2025-05-24 14:16:00
4275,39,148,Embedded Systems,2025-05-06 13:05:00
4276,92,127,Biotechnology,2025-05-06 12:00:00
4277,81,68,Embedded Systems,2025-05-22 11:11:00
4278,12,108,Embedded Systems,2025-05-02 11:19:00
4279,16,98,Biotechnology,2025-05-23 14:13:00
4280,35,13,Biotechnology,2025-05-18 14:28:00
4281,7,178,Robotics,2025-05-05 20:02:00
4282,55,9,Embedded Systems,2025-05-13 20:26:00
4283,81,185,Robotics,2025-05-07 14:34:00
4284,68,150,Biotechnology,2025-05-15 15:38:00
4285,24,81,Embedded Systems,2025-05-16 11:08:00
4286,67,86,Robotics,2025-05-01 08:51:00
4287,104,119,Robotics,2025-05-03 11:48:00
4288,102,200,Embedded Systems,2025-05-06 10:05:00
4289,83,28,Robotics,2025-05-19 08:47:00
4290,12,131,Biotechnology,2025-05-21 14:31:00
4291,6,37,Data Engineering,2025-05-26 21:16:00
4292,83,81,Embedded Systems,2025-05-09 19:26:00
4293,14,29,Embedded Systems,2025-05-06 16:51:00
4294,2,18,Robotics,2025-05-15 12:19:00
4295,31,63,Embedded Systems,2025-05-27 11:48:00
4296,28,78,Embedded Systems,2025-05-06 13:09:00
4297,6,24,Embedded Systems,2025-05-05 13:11:00
4298,36,55,Biotechnology,2025-05-03 10:46:00
4299,70,171,Robotics,2025-05-10 19:52:00
4300,56,115,Data Engineering,2025-05-06 14:39:00
4301,35,6,Data Engineering,2025-05-14 18:40:00
4302,45,91,Biotechnology,2025-05-05 15:26:00
4303,71,21,Biotechnology,2025-05-10 19:35:00
4304,80,7,Embedded Systems,2025-05-09 13:52:00
4305,78,178,Robotics,2025-05-04 14:02:00
4306,26,34,Robotics,2025-05-11 16:37:00
4307,94,24,Embedded Systems,2025-05-18 14:48:00
4308,104,180,Data Engineering,2025-05-26 16:56:00
4309,109,106,Biotechnology,2025-05-14 20:56:00
4310,17,132,Embedded Systems,2025-05-15 14:03:00
4311,47,3,Data Engineering,2025-05-10 15:16:00
4312,51,7,Embedded Systems,2025-05-15 21:42:00
4313,118,143,Biotechnology,2025-05-04 17:02:00
4314,96,126,Data Engineering,2025-05-05 09:27:00
4315,88,77,Robotics,2025-05-19 19:46:00
4316,41,196,Robotics,2025-05-13 17:46:00
4317,41,161,Robotics,2025-05-26 13:14:00
4318,118,72,Embedded Systems,2025-05-14 12:28:00
4319,26,11,Data Engineering,2025-05-08 17:33:00
4320,84,106,Biotechnology,2025-05-06 10:45:00
4321,33,3,Data Engineering,2025-05-07 19:46:00
4322,87,126,Data Engineering,2025-05-28 08:22:00
4323,38,85,Data Engineering,2025-05-25 11:00:00
4324,119,16,Robotics,2025-05-13 11:50:00
4325,120,75,Data Engineering,2025-05-15 11:37:00
4326,2,29,Embedded Systems,2025-05-17 16:36:00
4327,120,197,Biotechnology,2025-05-04 12:07:00
4328,3,104,Robotics,2025-05-28 21:05:00
4329,35,99,Biotechnology,2025-05-27 11:08:00
4330,78,176,Data Engineering,2025-05-24 21:37:00
4331,103,173,Embedded Systems,2025-05-24 19:39:00
4332,92,12,Data Engineering,2025-05-26 19:21:00
4333,21,77,Robotics,2025-05-28 21:58:00
4334,58,141,Robotics,2025-05-13 11:02:00
4335,118,13,Biotechnology,2025-05-27 21:37:00
4336,49,132,Embedded Systems,2025-05-08 14:07:00
4337,34,25,Robotics,2025-05-15 09:59:00
4338,21,25,Robotics,2025-05-11 09:42:00
4339,82,155,Robotics,2025-05-23 12:21:00
4340,70,129,Embedded Systems,2025-05-05 08:12:00
4341,6,163,Embedded Systems,2025-05-03 13:13:00
4342,37,83,Biotechnology,2025-05-14 08:28:00
4343,111,83,Biotechnology,2025-05-20 17:16:00
4344,59,73,Robotics,2025-05-28 14:27:00
4345,12,114,Robotics,2025-05-04 08:35:00
4346,7,36,Robotics,2025-05-26 10:45:00
4347,19,198,Data Engineering,2025-05-23 16:09:00
4348,61,36,Robotics,2025-05-20 20:18:00
4349,68,1,Data Engineering,2025-05-05 08:33:00
4350,12,89,Data Engineering,2025-05-16 12:44:00
4351,55,84,Data Engineering,2025-05-26 13:40:00
4352,36,50,Embedded Systems,2025-05-08 13:29:00
4353,19,5,Data Engineering,2025-05-06 17:06:00
4354,29,198,Data Engineering,2025-05-18 19:21:00
4355,92,28,Robotics,2025-05-03 18:11:00
4356,43,162,Biotechnology,2025-05-01 12:42:00
4357,7,102,Data Engineering,2025-05-02 15:38:00
4358,51,45,Biotechnology,2025-05-14 14:01:00
4359,94,14,Data Engineering,2025-05-08 16:09:00
4360,22,118,Embedded Systems,2025-05-24 19:58:00
4361,29,45,Biotechnology,2025-05-19 19:59:00
4362,78,161,Robotics,2025-05-03 10:01:00
4363,113,168,Robotics,2025-05-23 13:00:00
4364,51,128,Biotechnology,2025-05-11 11:52:00
4365,110,198,Data Engineering,2025-05-25 12:19:00
4366,118,98,Biotechnology,2025-05-10 18:11:00
4367,50,37,Data Engineering,2025-05-08 21:40:00
4368,8,77,Robotics,2025-05-04 17:05:00
4369,81,86,Robotics,2025-05-16 19:47:00
4370,117,161,Robotics,2025-05-10 15:54:00
4371,59,39,Data Engineering,2025-05-18 14:05:00
4372,64,126,Data Engineering,2025-05-06 13:48:00
4373,17,26,Robotics,2025-05-15 18:11:00
4374,1,101,Data Engineering,2025-05-17 14:54:00
4375,47,108,Embedded Systems,2025-05-12 19:50:00
4376,100,103,Data Engineering,2025-05-09 09:59:00
4377,104,160,Robotics,2025-05-14 21:34:00
4378,59,114,Robotics,2025-05-26 17:18:00
4379,21,122,Robotics,2025-05-22 10:37:00
4380,81,16,Robotics,2025-05-01 08:26:00
4381,39,28,Robotics,2025-05-19 15:19:00
4382,71,38,Embedded Systems,2025-05-28 12:51:00
4383,70,54,Robotics,2025-05-24 14:56:00
4384,65,190,Data Engineering,2025-05-04 10:05:00
4385,51,87,Data Engineering,2025-05-09 17:47:00
4386,80,193,Robotics,2025-05-09 17:50:00
4387,80,45,Biotechnology,2025-05-22 19:17:00
4388,22,73,Robotics,2025-05-25 09:06:00
4389,59,172,Embedded Systems,2025-05-07 16:35:00
4390,91,21,Biotechnology,2025-05-08 08:54:00
4391,70,172,Embedded Systems,2025-05-08 13:43:00
4392,59,151,Biotechnology,2025-05-28 16:51:00
4393,63,46,Data Engineering,2025-05-09 17:51:00
4394,88,108,Embedded Systems,2025-05-13 12:55:00
4395,20,199,Data Engineering,2025-05-27 09:02:00
4396,63,47,Data Engineering,2025-05-10 11:42:00
4397,35,192,Data Engineering,2025-05-08 21:01:00
4398,7,31,Robotics,2025-05-20 19:33:00
4399,43,109,Data Engineering,2025-05-16 10:06:00
4400,103,183,Data Engineering,2025-05-13 08:03:00
4401,41,52,Embedded Systems,2025-05-04 17:28:00
4402,75,141,Robotics,2025-05-02 09:05:00
4403,6,71,Robotics,2025-05-07 12:58:00
4404,33,122,Robotics,2025-05-25 19:31:00
4405,79,192,Data Engineering,2025-05-25 18:35:00
4406,23,107,Data Engineering,2025-05-21 20:24:00
4407,112,40,Biotechnology,2025-05-22 19:39:00
4408,84,193,Robotics,2025-05-09 09:37:00
4409,104,166,Embedded Systems,2025-05-27 16:21:00
4410,76,94,Biotechnology,2025-05-03 11:28:00
4411,89,88,Data Engineering,2025-05-06 19:07:00
4412,33,6,Data Engineering,2025-05-18 16:43:00
4413,2,114,Robotics,2025-05-16 10:49:00
4414,10,120,Data Engineering,2025-05-23 11:29:00
4415,13,29,Embedded Systems,2025-05-01 16:44:00
4416,111,132,Embedded Systems,2025-05-27 10:08:00
4417,104,52,Embedded Systems,2025-05-19 18:24:00
4418,27,65,Embedded Systems,2025-05-18 11:31:00
4419,6,87,Data Engineering,2025-05-14 16:55:00
4420,2,28,Robotics,2025-05-26 12:35:00
4421,83,4,Embedded Systems,2025-05-12 20:22:00
4422,59,120,Data Engineering,2025-05-01 10:41:00
4423,38,66,Data Engineering,2025-05-26 20:08:00
4424,117,55,Biotechnology,2025-05-06 21:07:00
4425,66,101,Data Engineering,2025-05-20 18:48:00
4426,90,98,Biotechnology,2025-05-09 14:42:00
4427,98,121,Embedded Systems,2025-05-22 18:22:00
4428,27,17,Robotics,2025-05-08 17:54:00
4429,112,94,Biotechnology,2025-05-05 09:20:00
4430,98,15,Biotechnology,2025-05-10 21:09:00
4431,112,100,Embedded Systems,2025-05-01 11:12:00
4432,101,94,Biotechnology,2025-05-25 12:57:00
4433,44,41,Biotechnology,2025-05-23 19:44:00
4434,49,29,Embedded Systems,2025-05-19 10:18:00
4435,59,139,Biotechnology,2025-05-08 08:00:00
4436,87,78,Embedded Systems,2025-05-20 20:51:00
4437,40,20,Biotechnology,2025-05-08 08:09:00
4438,20,26,Robotics,2025-05-13 15:46:00
4439,83,94,Biotechnology,2025-05-13 19:18:00
4440,34,104,Robotics,2025-05-22 21:59:00
4441,31,158,Robotics,2025-05-18 09:05:00
4442,26,1,Data Engineering,2025-05-25 12:58:00
4443,35,128,Biotechnology,2025-05-16 16:52:00
4444,100,150,Biotechnology,2025-05-04 13:30:00
4445,74,64,Robotics,2025-05-24 20:58:00
4446,20,29,Embedded Systems,2025-05-15 15:21:00
4447,82,26,Robotics,2025-05-25 17:31:00
4448,61,130,Data Engineering,2025-05-09 10:24:00
4449,104,164,Embedded Systems,2025-05-06 11:46:00
4450,59,99,Biotechnology,2025-05-26 12:27:00
4451,119,195,Embedded Systems,2025-05-25 12:27:00
4452,30,198,Data Engineering,2025-05-02 13:04:00
4453,103,114,Robotics,2025-05-07 08:52:00
4454,81,129,Embedded Systems,2025-05-13 20:16:00
4455,63,194,Robotics,2025-05-21 20:14:00
4456,8,124,Robotics,2025-05-04 15:20:00
4457,63,79,Data Engineering,2025-05-25 10:56:00
4458,20,114,Robotics,2025-05-27 12:32:00
4459,80,84,Data Engineering,2025-05-13 08:10:00
4460,58,145,Robotics,2025-05-25 20:25:00
4461,30,176,Data Engineering,2025-05-15 10:35:00
4462,120,133,Embedded Systems,2025-05-15 14:27:00
4463,102,65,Embedded Systems,2025-05-21 14:43:00
4464,18,53,Embedded Systems,2025-05-28 21:45:00
4465,29,53,Embedded Systems,2025-05-18 14:30:00
4466,44,107,Data Engineering,2025-05-05 11:57:00
4467,116,136,Robotics,2025-05-27 15:38:00
4468,116,14,Data Engineering,2025-05-23 08:51:00
4469,119,68,Embedded Systems,2025-05-13 17:43:00
4470,119,60,Data Engineering,2025-05-11 20:23:00
4471,2,200,Embedded Systems,2025-05-12 20:01:00
4472,104,176,Data Engineering,2025-05-25 10:30:00
4473,21,52,Embedded Systems,2025-05-11 17:54:00
4474,45,116,Data Engineering,2025-05-25 08:20:00
4475,87,50,Embedded Systems,2025-05-14 15:03:00
4476,118,189,Biotechnology,2025-05-15 15:45:00
4477,32,87,Data Engineering,2025-05-14 21:04:00
4478,4,151,Biotechnology,2025-05-27 20:33:00
4479,39,67,Embedded Systems,2025-05-16 11:55:00
4480,18,104,Robotics,2025-05-24 11:11:00
4481,25,16,Robotics,2025-05-21 10:30:00
4482,20,27,Embedded Systems,2025-05-27 15:53:00
4483,58,95,Data Engineering,2025-05-20 09:31:00
4484,14,28,Robotics,2025-05-25 12:10:00
4485,45,158,Robotics,2025-05-10 12:53:00
4486,51,142,Embedded Systems,2025-05-02 13:11:00
4487,115,27,Embedded Systems,2025-05-01 11:37:00
4488,35,46,Data Engineering,2025-05-24 14:36:00
4489,59,141,Robotics,2025-05-06 18:25:00
4490,15,69,Data Engineering,2025-05-02 14:34:00
4491,53,7,Embedded Systems,2025-05-25 08:58:00
4492,9,56,Embedded Systems,2025-05-07 15:56:00
4493,77,200,Embedded Systems,2025-05-22 08:02:00
4494,38,75,Data Engineering,2025-05-06 14:53:00
4495,61,118,Embedded Systems,2025-05-13 17:14:00
4496,52,29,Embedded Systems,2025-05-19 12:50:00
4497,55,114,Robotics,2025-05-18 08:34:00
4498,5,57,Robotics,2025-05-13 20:59:00
4499,32,84,Data Engineering,2025-05-12 17:46:00
4500,66,157,Data Engineering,2025-05-04 19:38:00
4501,31,57,Robotics,2025-05-15 19:10:00
4502,22,195,Embedded Systems,2025-05-06 17:07:00
4503,12,100,Embedded Systems,2025-05-10 20:36:00
4504,84,110,Biotechnology,2025-05-23 14:28:00
4505,33,102,Data Engineering,2025-05-15 21:10:00
4506,80,142,Embedded Systems,2025-05-07 17:31:00
4507,82,68,Embedded Systems,2025-05-01 15:46:00
4508,92,1,Data Engineering,2025-05-14 12:52:00
4509,83,1,Data Engineering,2025-05-12 20:26:00
4510,92,6,Data Engineering,2025-05-01 18:45:00
4511,37,27,Embedded Systems,2025-05-20 08:10:00
4512,108,48,Biotechnology,2025-05-25 21:19:00
4513,48,61,Data Engineering,2025-05-09 16:36:00
4514,38,9,Embedded Systems,2025-05-06 13:12:00
4515,2,64,Robotics,2025-05-06 11:22:00
4516,82,18,Robotics,2025-05-21 20:21:00
4517,7,89,Data Engineering,2025-05-20 19:14:00
4518,118,87,Data Engineering,2025-05-02 11:54:00
4519,65,104,Robotics,2025-05-23 20:13:00
4520,56,160,Robotics,2025-05-07 10:18:00
4521,36,64,Robotics,2025-05-19 14:08:00
4522,4,2,Robotics,2025-05-19 19:47:00
4523,31,138,Biotechnology,2025-05-05 21:50:00
4524,11,69,Data Engineering,2025-05-19 08:28:00
4525,87,200,Embedded Systems,2025-05-11 21:39:00
4526,10,154,Data Engineering,2025-05-04 10:15:00
4527,12,128,Biotechnology,2025-05-16 15:19:00
4528,36,151,Biotechnology,2025-05-03 08:24:00
4529,47,47,Data Engineering,2025-05-21 09:36:00
4530,42,53,Embedded Systems,2025-05-26 09:37:00
4531,102,34,Robotics,2025-05-03 19:14:00
4532,51,26,Robotics,2025-05-24 14:08:00
4533,36,109,Data Engineering,2025-05-11 10:42:00
4534,80,131,Biotechnology,2025-05-09 14:06:00
4535,105,37,Data Engineering,2025-05-14 09:28:00
4536,1,197,Biotechnology,2025-05-19 17:10:00
4537,64,169,Biotechnology,2025-05-09 13:55:00
4538,40,36,Robotics,2025-05-06 19:06:00
4539,51,17,Robotics,2025-05-28 13:22:00
4540,47,3,Data Engineering,2025-05-07 19:49:00
4541,25,36,Robotics,2025-05-10 11:42:00
4542,88,13,Biotechnology,2025-05-16 17:29:00
4543,104,164,Embedded Systems,2025-05-20 10:23:00
4544,101,178,Robotics,2025-05-05 09:32:00
4545,57,140,Embedded Systems,2025-05-21 20:43:00
4546,65,83,Biotechnology,2025-05-04 17:11:00
4547,2,189,Biotechnology,2025-05-25 16:30:00
4548,98,127,Biotechnology,2025-05-21 14:53:00
4549,42,148,Embedded Systems,2025-05-08 20:10:00
4550,109,151,Biotechnology,2025-05-14 13:06:00
4551,112,92,Biotechnology,2025-05-06 13:29:00
4552,67,184,Embedded Systems,2025-05-14 12:03:00
4553,116,134,Robotics,2025-05-26 20:22:00
4554,41,189,Biotechnology,2025-05-27 19:34:00
4555,40,44,Biotechnology,2025-05-14 19:50:00
4556,34,123,Data Engineering,2025-05-01 19:32:00
4557,28,69,Data Engineering,2025-05-22 17:49:00
4558,44,44,Biotechnology,2025-05-28 20:40:00
4559,9,82,Embedded Systems,2025-05-19 14:10:00
4560,40,143,Biotechnology,2025-05-28 13:00:00
4561,39,194,Robotics,2025-05-12 19:50:00
4562,49,170,Robotics,2025-05-25 12:28:00
4563,41,45,Biotechnology,2025-05-19 20:16:00
4564,19,47,Data Engineering,2025-05-28 10:50:00
4565,61,42,Embedded Systems,2025-05-03 12:36:00
4566,6,147,Embedded Systems,2025-05-26 08:38:00
4567,48,180,Data Engineering,2025-05-27 19:28:00
4568,69,11,Data Engineering,2025-05-01 12:58:00
4569,7,88,Data Engineering,2025-05-19 13:27:00
4570,112,50,Embedded Systems,2025-05-27 12:41:00
4571,41,11,Data Engineering,2025-05-20 09:03:00
4572,68,189,Biotechnology,2025-05-08 13:48:00
4573,38,52,Embedded Systems,2025-05-05 10:19:00
4574,49,119,Robotics,2025-05-13 21:00:00
4575,7,178,Robotics,2025-05-17 10:29:00
4576,40,125,Biotechnology,2025-05-09 14:07:00
4577,97,176,Data Engineering,2025-05-02 15:27:00
4578,46,34,Robotics,2025-05-23 16:45:00
4579,111,91,Biotechnology,2025-05-11 11:29:00
4580,83,45,Biotechnology,2025-05-03 15:52:00
4581,101,109,Data Engineering,2025-05-22 09:13:00
4582,15,51,Robotics,2025-05-21 20:39:00
4583,22,67,Embedded Systems,2025-05-14 12:08:00
4584,47,52,Embedded Systems,2025-05-09 21:18:00
4585,28,30,Embedded Systems,2025-05-06 15:30:00
4586,62,169,Biotechnology,2025-05-16 14:57:00
4587,42,193,Robotics,2025-05-26 12:38:00
4588,8,75,Data Engineering,2025-05-27 12:56:00
4589,56,110,Biotechnology,2025-05-28 13:06:00
4590,4,131,Biotechnology,2025-05-03 21:54:00
4591,110,127,Biotechnology,2025-05-07 10:19:00
4592,38,179,Biotechnology,2025-05-10 16:14:00
4593,59,114,Robotics,2025-05-03 20:31:00
4594,70,44,Biotechnology,2025-05-14 20:21:00
4595,85,51,Robotics,2025-05-19 12:28:00
4596,2,146,Biotechnology,2025-05-12 21:18:00
4597,40,198,Data Engineering,2025-05-13 21:48:00
4598,11,36,Robotics,2025-05-09 19:29:00
4599,84,45,Biotechnology,2025-05-24 19:17:00
4600,118,17,Robotics,2025-05-01 17:21:00
4601,77,59,Robotics,2025-05-21 13:30:00
4602,25,190,Data Engineering,2025-05-13 19:17:00
4603,100,61,Data Engineering,2025-05-20 08:53:00
4604,49,9,Embedded Systems,2025-05-16 16:04:00
4605,7,68,Embedded Systems,2025-05-16 21:41:00
4606,24,163,Embedded Systems,2025-05-10 11:29:00
4607,61,130,Data Engineering,2025-05-09 11:29:00
4608,65,14,Data Engineering,2025-05-03 16:48:00
4609,117,116,Data Engineering,2025-05-12 14:16:00
4610,18,107,Data Engineering,2025-05-13 20:14:00
4611,18,104,Robotics,2025-05-12 18:19:00
4612,82,178,Robotics,2025-05-27 16:47:00
4613,14,156,Embedded Systems,2025-05-05 15:30:00
4614,25,179,Biotechnology,2025-05-01 20:33:00
4615,120,79,Data Engineering,2025-05-15 18:53:00
4616,50,144,Data Engineering,2025-05-08 13:26:00
4617,5,193,Robotics,2025-05-02 11:45:00
4618,93,64,Robotics,2025-05-19 16:15:00
4619,93,55,Biotechnology,2025-05-21 15:42:00
4620,80,55,Biotechnology,2025-05-16 19:50:00
4621,29,31,Robotics,2025-05-06 19:11:00
4622,111,108,Embedded Systems,2025-05-19 18:17:00
4623,4,199,Data Engineering,2025-05-25 16:28:00
4624,84,131,Biotechnology,2025-05-11 11:32:00
4625,11,195,Embedded Systems,2025-05-13 15:48:00
4626,42,53,Embedded Systems,2025-05-10 18:52:00
4627,81,44,Biotechnology,2025-05-28 21:32:00
4628,88,194,Robotics,2025-05-01 19:54:00
4629,76,81,Embedded Systems,2025-05-28 08:54:00
4630,29,172,Embedded Systems,2025-05-05 21:07:00
4631,58,178,Robotics,2025-05-21 21:35:00
4632,90,109,Data Engineering,2025-05-18 21:25:00
4633,4,175,Data Engineering,2025-05-13 11:11:00
4634,49,16,Robotics,2025-05-06 17:59:00
4635,2,174,Robotics,2025-05-07 20:37:00
4636,87,149,Data Engineering,2025-05-27 17:05:00
4637,94,173,Embedded Systems,2025-05-06 15:07:00
4638,120,144,Data Engineering,2025-05-11 20:13:00
4639,54,198,Data Engineering,2025-05-15 19:58:00
4640,70,2,Robotics,2025-05-20 12:10:00
4641,36,104,Robotics,2025-05-01 11:45:00
4642,48,179,Biotechnology,2025-05-03 18:49:00
4643,39,61,Data Engineering,2025-05-21 17:44:00
4644,60,5,Data Engineering,2025-05-25 17:39:00
4645,83,108,Embedded Systems,2025-05-20 10:04:00
4646,98,158,Robotics,2025-05-07 08:23:00
4647,63,67,Embedded Systems,2025-05-09 11:35:00
4648,37,132,Embedded Systems,2025-05-26 11:51:00
4649,92,14,Data Engineering,2025-05-23 18:52:00
4650,90,190,Data Engineering,2025-05-04 14:30:00
4651,2,129,Embedded Systems,2025-05-21 14:41:00
4652,80,70,Biotechnology,2025-05-11 18:33:00
4653,89,149,Data Engineering,2025-05-02 09:24:00
4654,104,167,Embedded Systems,2025-05-19 19:42:00
4655,78,37,Data Engineering,2025-05-03 13:00:00
4656,90,52,Embedded Systems,2025-05-04 15:03:00
4657,49,154,Data Engineering,2025-05-10 08:28:00
4658,100,13,Biotechnology,2025-05-21 16:02:00
4659,18,133,Embedded Systems,2025-05-15 10:25:00
4660,103,39,Data Engineering,2025-05-14 16:11:00
4661,38,167,Embedded Systems,2025-05-10 21:33:00
4662,4,84,Data Engineering,2025-05-28 08:29:00
4663,77,38,Embedded Systems,2025-05-19 10:41:00
4664,61,166,Embedded Systems,2025-05-03 09:26:00
4665,114,139,Biotechnology,2025-05-22 09:46:00
4666,46,154,Data Engineering,2025-05-04 10:51:00
4667,28,121,Embedded Systems,2025-05-01 16:02:00
4668,7,136,Robotics,2025-05-08 17:07:00
4669,38,117,Robotics,2025-05-14 11:43:00
4670,46,68,Embedded Systems,2025-05-11 20:38:00
4671,40,98,Biotechnology,2025-05-21 12:21:00
4672,103,134,Robotics,2025-05-01 09:11:00
4673,38,3,Data Engineering,2025-05-22 18:09:00
4674,82,77,Robotics,2025-05-07 14:38:00
4675,31,5,Data Engineering,2025-05-08 15:23:00
4676,59,64,Robotics,2025-05-19 15:25:00
4677,83,181,Embedded Systems,2025-05-21 20:28:00
4678,50,1,Data Engineering,2025-05-08 14:20:00
4679,106,35,Data Engineering,2025-05-10 08:22:00
4680,83,91,Biotechnology,2025-05-09 16:48:00
4681,94,21,Biotechnology,2025-05-26 13:49:00
4682,118,72,Embedded Systems,2025-05-28 14:52:00
4683,87,180,Data Engineering,2025-05-18 10:07:00
4684,68,91,Biotechnology,2025-05-16 11:33:00
4685,69,95,Data Engineering,2025-05-14 10:12:00
4686,9,33,Embedded Systems,2025-05-13 14:51:00
4687,90,119,Robotics,2025-05-10 17:04:00
4688,70,34,Robotics,2025-05-19 21:31:00
4689,19,171,Robotics,2025-05-02 12:11:00
4690,39,155,Robotics,2025-05-06 14:36:00
4691,85,159,Embedded Systems,2025-05-14 14:04:00
4692,68,117,Robotics,2025-05-14 10:12:00
4693,100,89,Data Engineering,2025-05-20 18:52:00
4694,119,40,Biotechnology,2025-05-26 19:35:00
4695,112,64,Robotics,2025-05-28 14:35:00
4696,115,132,Embedded Systems,2025-05-15 17:11:00
4697,51,96,Data Engineering,2025-05-10 09:15:00
4698,9,66,Data Engineering,2025-05-17 21:51:00
4699,94,65,Embedded Systems,2025-05-04 13:12:00
4700,40,155,Robotics,2025-05-25 17:05:00
4701,49,40,Biotechnology,2025-05-01 08:57:00
4702,12,18,Robotics,2025-05-21 18:44:00
4703,20,120,Data Engineering,2025-05-20 19:47:00
4704,39,18,Robotics,2025-05-21 18:14:00
4705,86,9,Embedded Systems,2025-05-19 09:13:00
4706,42,77,Robotics,2025-05-17 20:36:00
4707,105,127,Biotechnology,2025-05-16 10:02:00
4708,94,152,Robotics,2025-05-21 13:53:00
4709,36,172,Embedded Systems,2025-05-24 20:42:00
4710,3,179,Biotechnology,2025-05-11 17:45:00
4711,119,167,Embedded Systems,2025-05-06 11:21:00
4712,82,60,Data Engineering,2025-05-14 14:38:00
4713,58,27,Embedded Systems,2025-05-18 17:25:00
4714,68,33,Embedded Systems,2025-05-27 20:34:00
4715,82,9,Embedded Systems,2025-05-13 16:08:00
4716,81,2,Robotics,2025-05-08 18:59:00
4717,70,1,Data Engineering,2025-05-14 09:59:00
4718,75,135,Embedded Systems,2025-05-16 10:48:00
4719,86,196,Robotics,2025-05-25 12:54:00
4720,70,2,Robotics,2025-05-16 12:07:00
4721,49,182,Robotics,2025-05-03 18:12:00
4722,40,124,Robotics,2025-05-13 09:00:00
4723,83,14,Data Engineering,2025-05-07 18:10:00
4724,70,19,Biotechnology,2025-05-02 11:26:00
4725,90,23,Robotics,2025-05-06 08:09:00
4726,20,178,Robotics,2025-05-19 11:33:00
4727,103,124,Robotics,2025-05-02 11:19:00
4728,67,188,Embedded Systems,2025-05-28 12:17:00
4729,104,115,Data Engineering,2025-05-01 20:17:00
4730,88,127,Biotechnology,2025-05-24 16:26:00
4731,40,33,Embedded Systems,2025-05-03 08:44:00
4732,20,121,Embedded Systems,2025-05-25 20:38:00
4733,76,19,Biotechnology,2025-05-23 16:54:00
4734,11,200,Embedded Systems,2025-05-23 11:42:00
4735,70,43,Robotics,2025-05-03 12:22:00
4736,50,99,Biotechnology,2025-05-02 17:52:00
4737,72,19,Biotechnology,2025-05-17 08:22:00
4738,18,89,Data Engineering,2025-05-24 19:51:00
4739,102,25,Robotics,2025-05-09 12:45:00
4740,81,159,Embedded Systems,2025-05-08 17:42:00
4741,6,30,Embedded Systems,2025-05-16 21:30:00
4742,2,1,Data Engineering,2025-05-19 11:57:00
4743,40,4,Embedded Systems,2025-05-10 09:34:00
4744,120,71,Robotics,2025-05-08 17:59:00
4745,34,183,Data Engineering,2025-05-03 20:34:00
4746,70,7,Embedded Systems,2025-05-13 20:10:00
4747,86,197,Biotechnology,2025-05-08 16:23:00
4748,61,140,Embedded Systems,2025-05-21 19:47:00
4749,64,6,Data Engineering,2025-05-01 10:25:00
4750,68,83,Biotechnology,2025-05-03 14:18:00
4751,42,178,Robotics,2025-05-28 11:46:00
4752,71,61,Data Engineering,2025-05-05 11:03:00
4753,104,49,Robotics,2025-05-10 12:54:00
4754,86,6,Data Engineering,2025-05-02 20:49:00
4755,116,111,Embedded Systems,2025-05-24 17:35:00
4756,6,124,Robotics,2025-05-06 08:43:00
4757,22,184,Embedded Systems,2025-05-18 21:46:00
4758,65,178,Robotics,2025-05-28 11:05:00
4759,31,24,Embedded Systems,2025-05-26 14:24:00
4760,61,26,Robotics,2025-05-18 13:35:00
4761,80,13,Biotechnology,2025-05-08 10:42:00
4762,88,31,Robotics,2025-05-02 12:29:00
4763,23,176,Data Engineering,2025-05-01 13:14:00
4764,80,154,Data Engineering,2025-05-16 15:17:00
4765,38,94,Biotechnology,2025-05-24 19:50:00
4766,80,15,Biotechnology,2025-05-22 20:08:00
4767,9,164,Embedded Systems,2025-05-25 09:18:00
4768,95,100,Embedded Systems,2025-05-19 13:46:00
4769,92,63,Embedded Systems,2025-05-26 15:51:00
4770,18,100,Embedded Systems,2025-05-14 10:15:00
4771,68,84,Data Engineering,2025-05-01 13:14:00
4772,85,4,Embedded Systems,2025-05-03 19:34:00
4773,82,78,Embedded Systems,2025-05-16 21:35:00
4774,66,115,Data Engineering,2025-05-17 14:03:00
4775,7,85,Data Engineering,2025-05-08 08:25:00
4776,2,102,Data Engineering,2025-05-12 08:08:00
4777,22,188,Embedded Systems,2025-05-21 18:27:00
4778,75,69,Data Engineering,2025-05-19 09:00:00
4779,27,56,Embedded Systems,2025-05-06 08:51:00
4780,6,190,Data Engineering,2025-05-05 13:08:00
4781,56,6,Data Engineering,2025-05-06 19:12:00
4782,89,197,Biotechnology,2025-05-19 15:44:00
4783,26,153,Robotics,2025-05-19 18:52:00
4784,6,48,Biotechnology,2025-05-20 19:34:00
4785,104,111,Embedded Systems,2025-05-12 21:31:00
4786,35,76,Data Engineering,2025-05-09 18:37:00
4787,65,36,Robotics,2025-05-24 16:38:00
4788,111,73,Robotics,2025-05-08 16:05:00
4789,109,32,Biotechnology,2025-05-04 19:35:00
4790,78,153,Robotics,2025-05-17 11:18:00
4791,48,73,Robotics,2025-05-13 10:55:00
4792,82,43,Robotics,2025-05-05 09:31:00
4793,71,158,Robotics,2025-05-23 14:24:00
4794,90,4,Embedded Systems,2025-05-04 20:26:00
4795,93,36,Robotics,2025-05-01 15:00:00
4796,108,76,Data Engineering,2025-05-05 20:26:00
4797,41,104,Robotics,2025-05-12 20:04:00
4798,5,94,Biotechnology,2025-05-03 13:12:00
4799,76,175,Data Engineering,2025-05-08 18:46:00
4800,50,163,Embedded Systems,2025-05-26 09:20:00
4801,89,109,Data Engineering,2025-05-15 17:03:00
4802,45,96,Data Engineering,2025-05-10 09:13:00
4803,70,63,Embedded Systems,2025-05-15 17:16:00
4804,118,15,Biotechnology,2025-05-24 19:23:00
4805,64,55,Biotechnology,2025-05-23 15:37:00
4806,78,14,Data Engineering,2025-05-04 17:59:00
4807,103,189,Biotechnology,2025-05-21 17:34:00
4808,51,102,Data Engineering,2025-05-28 19:25:00
4809,55,149,Data Engineering,2025-05-13 09:35:00
4810,54,61,Data Engineering,2025-05-23 17:31:00
4811,103,68,Embedded Systems,2025-05-13 16:00:00
4812,7,96,Data Engineering,2025-05-06 11:47:00
4813,111,178,Robotics,2025-05-26 19:05:00
4814,1,139,Biotechnology,2025-05-26 18:06:00
4815,8,145,Robotics,2025-05-20 13:27:00
4816,36,126,Data Engineering,2025-05-28 21:09:00
4817,82,177,Embedded Systems,2025-05-07 20:43:00
4818,69,35,Data Engineering,2025-05-10 12:02:00
4819,111,48,Biotechnology,2025-05-11 11:48:00
4820,111,42,Embedded Systems,2025-05-15 14:39:00
4821,35,152,Robotics,2025-05-15 15:58:00
4822,32,61,Data Engineering,2025-05-08 19:34:00
4823,6,87,Data Engineering,2025-05-08 18:11:00
4824,45,6,Data Engineering,2025-05-23 08:04:00
4825,41,109,Data Engineering,2025-05-25 20:11:00
4826,29,133,Embedded Systems,2025-05-07 12:31:00
4827,114,169,Biotechnology,2025-05-17 10:56:00
4828,112,156,Embedded Systems,2025-05-11 21:20:00
4829,52,22,Biotechnology,2025-05-23 13:08:00
4830,98,100,Embedded Systems,2025-05-11 14:36:00
4831,18,177,Embedded Systems,2025-05-07 16:14:00
4832,79,32,Biotechnology,2025-05-26 12:15:00
4833,26,55,Biotechnology,2025-05-25 14:40:00
4834,110,186,Embedded Systems,2025-05-16 15:29:00
4835,15,120,Data Engineering,2025-05-14 19:32:00
4836,115,180,Data Engineering,2025-05-13 12:46:00
4837,76,123,Data Engineering,2025-05-01 11:35:00
4838,83,93,Embedded Systems,2025-05-26 08:21:00
4839,116,158,Robotics,2025-05-26 12:08:00
4840,6,162,Biotechnology,2025-05-21 15:50:00
4841,12,182,Robotics,2025-05-05 15:17:00
4842,103,5,Data Engineering,2025-05-16 20:48:00
4843,83,94,Biotechnology,2025-05-15 14:08:00
4844,1,96,Data Engineering,2025-05-27 14:53:00
4845,7,41,Biotechnology,2025-05-08 19:25:00
4846,78,49,Robotics,2025-05-12 18:54:00
4847,93,104,Robotics,2025-05-14 19:04:00
4848,59,73,Robotics,2025-05-11 17:31:00
4849,25,166,Embedded Systems,2025-05-17 11:37:00
4850,80,179,Biotechnology,2025-05-24 17:53:00
4851,98,139,Biotechnology,2025-05-20 20:04:00
4852,86,66,Data Engineering,2025-05-14 08:37:00
4853,53,190,Data Engineering,2025-05-27 13:00:00
4854,42,73,Robotics,2025-05-05 21:26:00
4855,38,199,Data Engineering,2025-05-05 10:47:00
4856,35,57,Robotics,2025-05-13 09:08:00
4857,20,26,Robotics,2025-05-22 21:58:00
4858,65,27,Embedded Systems,2025-05-18 13:14:00
4859,20,65,Embedded Systems,2025-05-06 18:28:00
4860,119,112,Data Engineering,2025-05-06 10:58:00
4861,118,50,Embedded Systems,2025-05-23 12:31:00
4862,36,77,Robotics,2025-05-11 14:45:00
4863,81,119,Robotics,2025-05-03 21:32:00
4864,30,199,Data Engineering,2025-05-05 11:28:00
4865,112,135,Embedded Systems,2025-05-02 13:42:00
4866,38,140,Embedded Systems,2025-05-13 16:03:00
4867,119,99,Biotechnology,2025-05-07 19:46:00
4868,63,66,Data Engineering,2025-05-13 12:29:00
4869,71,192,Data Engineering,2025-05-28 12:25:00
4870,41,7,Embedded Systems,2025-05-14 18:28:00
4871,85,160,Robotics,2025-05-07 18:34:00
4872,100,62,Robotics,2025-05-28 15:09:00
4873,27,52,Embedded Systems,2025-05-02 21:34:00
4874,31,16,Robotics,2025-05-14 09:24:00
4875,20,103,Data Engineering,2025-05-14 13:22:00
4876,80,82,Embedded Systems,2025-05-14 12:21:00
4877,62,128,Biotechnology,2025-05-13 13:20:00
4878,105,193,Robotics,2025-05-12 09:11:00
4879,48,66,Data Engineering,2025-05-01 08:03:00
4880,68,99,Biotechnology,2025-05-17 20:51:00
4881,100,107,Data Engineering,2025-05-10 18:03:00
4882,77,92,Biotechnology,2025-05-12 12:20:00
4883,57,28,Robotics,2025-05-28 12:16:00
4884,70,18,Robotics,2025-05-16 12:00:00
4885,97,37,Data Engineering,2025-05-07 16:26:00
4886,2,137,Data Engineering,2025-05-25 11:53:00
4887,103,82,Embedded Systems,2025-05-24 09:28:00
4888,49,6,Data Engineering,2025-05-02 17:19:00
4889,39,69,Data Engineering,2025-05-17 18:26:00
4890,75,16,Robotics,2025-05-24 08:34:00
4891,31,157,Data Engineering,2025-05-20 20:55:00
4892,29,72,Embedded Systems,2025-05-22 17:00:00
4893,76,150,Biotechnology,2025-05-27 17:30:00
4894,113,153,Robotics,2025-05-05 21:17:00
4895,67,87,Data Engineering,2025-05-04 11:23:00
4896,6,100,Embedded Systems,2025-05-10 13:58:00
4897,60,11,Data Engineering,2025-05-25 20:24:00
4898,39,193,Robotics,2025-05-17 08:36:00
4899,45,83,Biotechnology,2025-05-19 12:43:00
4900,70,5,Data Engineering,2025-05-21 20:35:00
4901,74,12,Data Engineering,2025-05-01 10:45:00
4902,31,158,Robotics,2025-05-21 21:51:00
4903,118,12,Data Engineering,2025-05-12 16:38:00
4904,119,196,Robotics,2025-05-09 17:53:00
4905,52,5,Data Engineering,2025-05-05 08:14:00
4906,98,25,Robotics,2025-05-22 15:30:00
4907,103,74,Robotics,2025-05-12 17:23:00
4908,8,30,Embedded Systems,2025-05-14 19:17:00
4909,32,176,Data Engineering,2025-05-07 08:32:00
4910,18,134,Robotics,2025-05-20 13:50:00
4911,87,165,Robotics,2025-05-23 16:51:00
4912,92,71,Robotics,2025-05-06 11:41:00
4913,83,197,Biotechnology,2025-05-01 19:41:00
4914,46,93,Embedded Systems,2025-05-20 20:17:00
4915,112,43,Robotics,2025-05-10 16:13:00
4916,52,26,Robotics,2025-05-23 08:24:00
4917,46,104,Robotics,2025-05-22 18:58:00
4918,19,175,Data Engineering,2025-05-26 16:59:00
4919,116,196,Robotics,2025-05-05 12:49:00
4920,95,38,Embedded Systems,2025-05-27 13:36:00
4921,93,80,Data Engineering,2025-05-19 21:01:00
4922,32,108,Embedded Systems,2025-05-15 19:09:00
4923,16,57,Robotics,2025-05-20 16:37:00
4924,104,7,Embedded Systems,2025-05-08 15:43:00
4925,93,147,Embedded Systems,2025-05-11 21:17:00
4926,108,183,Data Engineering,2025-05-15 08:42:00
4927,104,142,Embedded Systems,2025-05-15 17:20:00
4928,98,181,Embedded Systems,2025-05-14 15:20:00
4929,20,81,Embedded Systems,2025-05-27 21:34:00
4930,7,139,Biotechnology,2025-05-27 15:47:00
4931,18,54,Robotics,2025-05-12 17:04:00
4932,9,83,Biotechnology,2025-05-18 17:19:00
4933,104,95,Data Engineering,2025-05-25 19:40:00
4934,42,100,Embedded Systems,2025-05-17 12:35:00
4935,42,132,Embedded Systems,2025-05-17 08:55:00
4936,81,40,Biotechnology,2025-05-13 09:09:00
4937,118,61,Data Engineering,2025-05-04 10:07:00
4938,71,162,Biotechnology,2025-05-21 21:21:00
4939,105,189,Biotechnology,2025-05-04 10:59:00
4940,105,146,Biotechnology,2025-05-17 18:24:00
4941,12,168,Robotics,2025-05-25 10:52:00
4942,113,7,Embedded Systems,2025-05-01 14:24:00
4943,117,184,Embedded Systems,2025-05-02 21:07:00
4944,29,13,Biotechnology,2025-05-08 15:49:00
4945,31,38,Embedded Systems,2025-05-13 16:38:00
4946,87,60,Data Engineering,2025-05-22 21:27:00
4947,103,170,Robotics,2025-05-02 11:45:00
4948,113,81,Embedded Systems,2025-05-11 15:32:00
4949,119,158,Robotics,2025-05-26 19:55:00
4950,28,58,Data Engineering,2025-05-12 19:28:00
4951,52,4,Embedded Systems,2025-05-24 09:49:00
4952,78,44,Biotechnology,2025-05-07 09:20:00
4953,8,85,Data Engineering,2025-05-22 21:49:00
4954,9,82,Embedded Systems,2025-05-12 10:41:00
4955,49,24,Embedded Systems,2025-05-17 12:45:00
4956,70,72,Embedded Systems,2025-05-12 16:34:00
4957,20,54,Robotics,2025-05-10 09:19:00
4958,77,124,Robotics,2025-05-23 09:48:00
4959,118,40,Biotechnology,2025-05-26 13:54:00
4960,104,13,Biotechnology,2025-05-15 09:20:00
4961,95,161,Robotics,2025-05-25 16:38:00
4962,69,20,Biotechnology,2025-05-15 21:28:00
4963,12,159,Embedded Systems,2025-05-28 10:14:00
4964,93,164,Embedded Systems,2025-05-21 12:22:00
4965,51,110,Biotechnology,2025-05-14 15:36:00
4966,41,76,Data Engineering,2025-05-27 20:27:00
4967,115,186,Embedded Systems,2025-05-27 08:04:00
4968,29,111,Embedded Systems,2025-05-20 13:30:00
4969,60,56,Embedded Systems,2025-05-07 21:07:00
4970,98,91,Biotechnology,2025-05-12 15:45:00
4971,31,42,Embedded Systems,2025-05-22 15:14:00
4972,42,27,Embedded Systems,2025-05-23 08:08:00
4973,41,145,Robotics,2025-05-12 19:42:00
4974,51,78,Embedded Systems,2025-05-08 10:19:00
4975,82,24,Embedded Systems,2025-05-03 16:22:00
4976,65,161,Robotics,2025-05-19 14:51:00
4977,104,100,Embedded Systems,2025-05-07 12:18:00
4978,83,99,Biotechnology,2025-05-13 10:46:00
4979,111,32,Biotechnology,2025-05-12 16:18:00
4980,113,167,Embedded Systems,2025-05-09 19:59:00
4981,12,157,Data Engineering,2025-05-15 08:21:00
4982,106,4,Embedded Systems,2025-05-03 16:42:00
4983,20,25,Robotics,2025-05-21 21:18:00
4984,69,26,Robotics,2025-05-27 12:42:00
4985,10,123,Data Engineering,2025-05-23 17:16:00
4986,82,144,Data Engineering,2025-05-26 15:18:00
4987,18,7,Embedded Systems,2025-05-26 19:55:00
4988,65,33,Embedded Systems,2025-05-22 18:15:00
4989,4,52,Embedded Systems,2025-05-05 14:54:00
4990,8,163,Embedded Systems,2025-05-19 19:41:00
4991,40,150,Biotechnology,2025-05-04 16:57:00
4992,102,49,Robotics,2025-05-15 09:38:00
4993,71,192,Data Engineering,2025-05-14 14:04:00
4994,53,1,Data Engineering,2025-05-24 14:58:00
4995,9,62,Robotics,2025-05-05 20:54:00
4996,49,33,Embedded Systems,2025-05-09 17:37:00
4997,42,140,Embedded Systems,2025-05-24 15:27:00
4998,92,142,Embedded Systems,2025-05-16 13:39:00
4999,80,190,Data Engineering,2025-05-28 15:39:00
5000,61,19,Biotechnology,2025-05-09 21:25:00
